{"dailyList":[{"date":1509325200000,"total":5,"videoList":[{"adTrack":null,"author":null,"campaign":null,"category":"运动","collected":false,"consumption":{"collectionCount":39,"replyCount":1,"shareCount":11},"coverBlurred":"http:\/\/img.kaiyanapp.com\/d5d8b086f6d1be1b1a95f36e99abc063.jpeg?imageMogr2\/quality\/60\/format\/jpg","coverForDetail":"http:\/\/img.kaiyanapp.com\/c8053cc58e79b060c7ad741c7b19a55b.jpeg?imageMogr2\/quality\/60\/format\/jpg","coverForFeed":"http:\/\/img.kaiyanapp.com\/c8053cc58e79b060c7ad741c7b19a55b.jpeg?imageMogr2\/quality\/60\/format\/jpg","coverForSharing":null,"dataType":"VideoBeanForClientV1","date":1509325200000,"description":"冒险要趁早，趁太阳还没醒来，一起去骑行吧！旁白很有趣地选择了美国能源教育计划（NEED）的「Energy from the Sun」片段，BGM 则来自 Ryan Taubert 的「We Wish It Was Never Light」。From Harrison Mendel","descriptionEditor":"冒险要趁早，趁太阳还没醒来，一起去骑行吧！旁白很有趣地选择了美国能源教育计划（NEED）的「Energy from the Sun」片段，BGM 则来自 Ryan Taubert 的「We Wish It Was Never Light」。From Harrison Mendel","descriptionPgc":null,"duration":145,"favoriteAdTrack":null,"id":23659,"idx":0,"label":null,"labelList":[],"lastViewTime":null,"library":"DAILY","played":false,"playInfo":[{"height":480,"name":"标清","type":"normal","url":"http:\/\/baobab.kaiyanapp.com\/api\/v1\/playUrl?vid=23659&editionType=normal&source=qcloud&f=iphone&u=011f2924aa2cf27aa5dc8066c041fe08116a9a0c&vc=67","urlList":[{"name":"qcloud","size":10204679,"url":"http:\/\/baobab.kaiyanapp.com\/api\/v1\/playUrl?vid=23659&editionType=normal&source=qcloud&f=iphone&u=011f2924aa2cf27aa5dc8066c041fe08116a9a0c&vc=67"},{"name":"ucloud","size":10204679,"url":"http:\/\/baobab.kaiyanapp.com\/api\/v1\/playUrl?vid=23659&editionType=normal&source=ucloud&f=iphone&u=011f2924aa2cf27aa5dc8066c041fe08116a9a0c&vc=67"}],"width":854},{"height":720,"name":"高清","type":"high","url":"http:\/\/baobab.kaiyanapp.com\/api\/v1\/playUrl?vid=23659&editionType=high&source=qcloud&f=iphone&u=011f2924aa2cf27aa5dc8066c041fe08116a9a0c&vc=67","urlList":[{"name":"qcloud","size":17428790,"url":"http:\/\/baobab.kaiyanapp.com\/api\/v1\/playUrl?vid=23659&editionType=high&source=qcloud&f=iphone&u=011f2924aa2cf27aa5dc8066c041fe08116a9a0c&vc=67"},{"name":"ucloud","size":17428790,"url":"http:\/\/baobab.kaiyanapp.com\/api\/v1\/playUrl?vid=23659&editionType=high&source=ucloud&f=iphone&u=011f2924aa2cf27aa5dc8066c041fe08116a9a0c&vc=67"}],"width":1280}],"playlists":null,"playUrl":"http:\/\/baobab.kaiyanapp.com\/api\/v1\/playUrl?vid=23659&editionType=default&source=qcloud&f=iphone&u=011f2924aa2cf27aa5dc8066c041fe08116a9a0c&vc=67","promotion":null,"provider":{"alias":"vimeo","icon":"http:\/\/img.kaiyanapp.com\/c3ad630be461cbb081649c9e21d6cbe3.png","name":"Vimeo"},"rawWebUrl":"http:\/\/www.eyepetizer.net\/detail.html?vid=23659","releaseTime":1509325201000,"remark":"Music \n\"We Wish It Was Never Light\"\nRyan Taubert\nLicensed through Music Bed\n\nVoice over \n\"Energy from the Sun\"\nEncyclopaedia Britannica Films","shareAdTrack":null,"slogan":"太阳初升之时，一起去冒险吧！","subtitles":[],"tags":[{"actionUrl":"eyepetizer:\/\/tag\/4\/?title=%E8%BF%90%E5%8A%A8","adTrack":null,"id":4,"name":"运动"},{"actionUrl":"eyepetizer:\/\/tag\/288\/?title=%E8%87%AA%E8%A1%8C%E8%BD%A6","adTrack":null,"id":288,"name":"自行车"},{"actionUrl":"eyepetizer:\/\/tag\/294\/?title=%E9%AA%91%E8%A1%8C","adTrack":null,"id":294,"name":"骑行"},{"actionUrl":"eyepetizer:\/\/tag\/202\/?title=%E5%94%AF%E7%BE%8E","adTrack":null,"id":202,"name":"唯美"}],"thumbPlayUrl":null,"title":"黎明骑行短片：「日影」","titlePgc":null,"type":"NORMAL","waterMarks":null,"webAdTrack":null,"webUrlForWeibo":"http:\/\/wandou.im\/3na7lh"},{"adTrack":null,"author":null,"campaign":null,"category":"音乐","collected":false,"consumption":{"collectionCount":18,"replyCount":2,"shareCount":9},"coverBlurred":"http:\/\/img.kaiyanapp.com\/601c7c862bc3816aca1e61264f056736.jpeg?imageMogr2\/quality\/60\/format\/jpg","coverForDetail":"http:\/\/img.kaiyanapp.com\/2908c01391c91b8ac2866d02450dfd8f.jpeg?imageMogr2\/quality\/60\/format\/jpg","coverForFeed":"http:\/\/img.kaiyanapp.com\/2908c01391c91b8ac2866d02450dfd8f.jpeg?imageMogr2\/quality\/60\/format\/jpg","coverForSharing":null,"dataType":"VideoBeanForClientV1","date":1509325200000,"description":"舞者 Sadeck、Zid、Ammar 与 Kanon 献上这支创意「手臂舞」。BGM：SRNO 的 「TRY」。From sadeck waff","descriptionEditor":"舞者 Sadeck、Zid、Ammar 与 Kanon 献上这支创意「手臂舞」。BGM：SRNO 的 「TRY」。From sadeck waff","descriptionPgc":null,"duration":137,"favoriteAdTrack":null,"id":58477,"idx":0,"label":null,"labelList":[],"lastViewTime":null,"library":"DAILY","played":false,"playInfo":[{"height":480,"name":"标清","type":"normal","url":"http:\/\/baobab.kaiyanapp.com\/api\/v1\/playUrl?vid=58477&editionType=normal&source=qcloud&f=iphone&u=011f2924aa2cf27aa5dc8066c041fe08116a9a0c&vc=67","urlList":[{"name":"qcloud","size":11263777,"url":"http:\/\/baobab.kaiyanapp.com\/api\/v1\/playUrl?vid=58477&editionType=normal&source=qcloud&f=iphone&u=011f2924aa2cf27aa5dc8066c041fe08116a9a0c&vc=67"},{"name":"ucloud","size":11263777,"url":"http:\/\/baobab.kaiyanapp.com\/api\/v1\/playUrl?vid=58477&editionType=normal&source=ucloud&f=iphone&u=011f2924aa2cf27aa5dc8066c041fe08116a9a0c&vc=67"}],"width":854},{"height":720,"name":"高清","type":"high","url":"http:\/\/baobab.kaiyanapp.com\/api\/v1\/playUrl?vid=58477&editionType=high&source=qcloud&f=iphone&u=011f2924aa2cf27aa5dc8066c041fe08116a9a0c&vc=67","urlList":[{"name":"qcloud","size":19867861,"url":"http:\/\/baobab.kaiyanapp.com\/api\/v1\/playUrl?vid=58477&editionType=high&source=qcloud&f=iphone&u=011f2924aa2cf27aa5dc8066c041fe08116a9a0c&vc=67"},{"name":"ucloud","size":19867861,"url":"http:\/\/baobab.kaiyanapp.com\/api\/v1\/playUrl?vid=58477&editionType=high&source=ucloud&f=iphone&u=011f2924aa2cf27aa5dc8066c041fe08116a9a0c&vc=67"}],"width":1280}],"playlists":null,"playUrl":"http:\/\/baobab.kaiyanapp.com\/api\/v1\/playUrl?vid=58477&editionType=default&source=qcloud&f=iphone&u=011f2924aa2cf27aa5dc8066c041fe08116a9a0c&vc=67","promotion":null,"provider":{"alias":"youtube","icon":"http:\/\/img.kaiyanapp.com\/fa20228bc5b921e837156923a58713f6.png","name":"YouTube"},"rawWebUrl":"http:\/\/www.eyepetizer.net\/detail.html?vid=58477","releaseTime":1509325201000,"remark":"sadeck waff\n","shareAdTrack":null,"slogan":"舞蹈还能这样玩？","subtitles":[],"tags":[{"actionUrl":"eyepetizer:\/\/tag\/18\/?title=%E9%9F%B3%E4%B9%90","adTrack":null,"id":18,"name":"音乐"},{"actionUrl":"eyepetizer:\/\/tag\/206\/?title=%E8%88%9E%E8%B9%88","adTrack":null,"id":206,"name":"舞蹈"},{"actionUrl":"eyepetizer:\/\/tag\/2\/?title=%E5%88%9B%E6%84%8F","adTrack":null,"id":2,"name":"创意"},{"actionUrl":"eyepetizer:\/\/tag\/200\/?title=%E9%85%B7%E7%82%AB","adTrack":null,"id":200,"name":"酷炫"}],"thumbPlayUrl":null,"title":"法国创意舞蹈：四人「手臂舞」","titlePgc":null,"type":"NORMAL","waterMarks":null,"webAdTrack":null,"webUrlForWeibo":"http:\/\/www.eyepetizer.net\/detail.html?vid=58477"},{"adTrack":null,"author":null,"campaign":null,"category":"搞笑","collected":false,"consumption":{"collectionCount":13,"replyCount":0,"shareCount":2},"coverBlurred":"http:\/\/img.kaiyanapp.com\/6668e410f0233dcbe6f9d73738ccdfc0.jpeg?imageMogr2\/quality\/60\/format\/jpg","coverForDetail":"http:\/\/img.kaiyanapp.com\/c372b82b4912b6a4e1574b591b44f5f0.jpeg?imageMogr2\/quality\/60\/format\/jpg","coverForFeed":"http:\/\/img.kaiyanapp.com\/c372b82b4912b6a4e1574b591b44f5f0.jpeg?imageMogr2\/quality\/60\/format\/jpg","coverForSharing":null,"dataType":"VideoBeanForClientV1","date":1509325200000,"description":"如果世上真的有「手机瘾」这种病，那这位被女友拖来接受心理治疗的男人应该算是晚期了吧。倘若你有这样一个男友，你会……From All Def Digital","descriptionEditor":"如果世上真的有「手机瘾」这种病，那这位被女友拖来接受心理治疗的男人应该算是晚期了吧。倘若你有这样一个男友，你会……From All Def Digital","descriptionPgc":"","duration":192,"favoriteAdTrack":null,"id":23666,"idx":0,"label":null,"labelList":[],"lastViewTime":null,"library":"DAILY","played":false,"playInfo":[{"height":720,"name":"高清","type":"high","url":"http:\/\/baobab.kaiyanapp.com\/api\/v1\/playUrl?vid=23666&editionType=high&source=qcloud&f=iphone&u=011f2924aa2cf27aa5dc8066c041fe08116a9a0c&vc=67","urlList":[{"name":"qcloud","size":34264218,"url":"http:\/\/baobab.kaiyanapp.com\/api\/v1\/playUrl?vid=23666&editionType=high&source=qcloud&f=iphone&u=011f2924aa2cf27aa5dc8066c041fe08116a9a0c&vc=67"},{"name":"ucloud","size":34264218,"url":"http:\/\/baobab.kaiyanapp.com\/api\/v1\/playUrl?vid=23666&editionType=high&source=ucloud&f=iphone&u=011f2924aa2cf27aa5dc8066c041fe08116a9a0c&vc=67"}],"width":1280}],"playlists":null,"playUrl":"http:\/\/baobab.kaiyanapp.com\/api\/v1\/playUrl?vid=23666&editionType=default&source=qcloud&f=iphone&u=011f2924aa2cf27aa5dc8066c041fe08116a9a0c&vc=67","promotion":null,"provider":{"alias":"youtube","icon":"http:\/\/img.kaiyanapp.com\/fa20228bc5b921e837156923a58713f6.png","name":"YouTube"},"rawWebUrl":"http:\/\/www.eyepetizer.net\/detail.html?vid=23666","releaseTime":1509325201000,"remark":"Do you think you could communicate all day using ONLY emoji's? Up next Dr. Reasons counsels a man communicating only with emoji's. Will Dr. Reasons come up with a solution for this unhappy couple? Find out in the next episode of Dr. Reasons! ","shareAdTrack":null,"slogan":"如果你有这样一个男朋友……","subtitles":[],"tags":[{"actionUrl":"eyepetizer:\/\/tag\/162\/?title=%E6%97%A0%E5%8E%98%E5%A4%B4","adTrack":null,"id":162,"name":"无厘头"},{"actionUrl":"eyepetizer:\/\/tag\/140\/?title=%E6%90%9E%E7%AC%91","adTrack":null,"id":140,"name":"搞笑"},{"actionUrl":"eyepetizer:\/\/tag\/120\/?title=%E9%BB%91%E8%89%B2%E5%B9%BD%E9%BB%98","adTrack":null,"id":120,"name":"黑色幽默"},{"actionUrl":"eyepetizer:\/\/tag\/170\/?title=%E5%B9%BD%E9%BB%98","adTrack":null,"id":170,"name":"幽默"},{"actionUrl":"eyepetizer:\/\/tag\/154\/?title=%E5%96%9C%E5%89%A7","adTrack":null,"id":154,"name":"喜剧"},{"actionUrl":"eyepetizer:\/\/tag\/584\/?title=%E5%BF%83%E7%90%86%E5%AD%A6","adTrack":null,"id":584,"name":"心理学"}],"thumbPlayUrl":null,"title":"心理咨询喜剧：只用手机聊天的男人","titlePgc":"","type":"NORMAL","waterMarks":null,"webAdTrack":null,"webUrlForWeibo":"http:\/\/wandou.im\/3na7lt"},{"adTrack":null,"author":{"adTrack":null,"approvedNotReadyVideoCount":0,"description":"我们只要最好的。","follow":{"followed":false,"itemId":1147,"itemType":"author"},"icon":"http:\/\/img.kaiyanapp.com\/255365dbfc2622930eb0cdb33e43abf0.jpeg?imageMogr2\/quality\/60\/format\/jpg","id":1147,"ifPgc":true,"latestReleaseTime":1509325201000,"link":"","name":"动画短片精选","shield":{"itemId":1147,"itemType":"author","shielded":false},"videoNum":52},"campaign":null,"category":"动画","collected":false,"consumption":{"collectionCount":39,"replyCount":1,"shareCount":6},"coverBlurred":"http:\/\/img.kaiyanapp.com\/1caeff2d8b79be0920d6baf0c56a5453.jpeg?imageMogr2\/quality\/60\/format\/jpg","coverForDetail":"http:\/\/img.kaiyanapp.com\/50e24ccdc1be51bee8ef832f32ad4f90.jpeg?imageMogr2\/quality\/60\/format\/jpg","coverForFeed":"http:\/\/img.kaiyanapp.com\/50e24ccdc1be51bee8ef832f32ad4f90.jpeg?imageMogr2\/quality\/60\/format\/jpg","coverForSharing":null,"dataType":"VideoBeanForClientV1","date":1509325200000,"description":"一对夫妻的烘培店梦想，在柴米油盐中被逐渐遗忘。这部有爱短片由 Fernanda Frick 导演、32 人的专业团队耗时两年作成，获得 2017 最佳智利短片、最佳青少年动画短片等多项奖项。","descriptionEditor":"一对夫妻的烘培店梦想，在柴米油盐中被逐渐遗忘。这部有爱短片由 Fernanda Frick 导演、32 人的专业团队耗时两年作成，获得 2017 最佳智利短片、最佳青少年动画短片等多项奖项。","descriptionPgc":"","duration":1109,"favoriteAdTrack":null,"id":57972,"idx":0,"label":null,"labelList":[],"lastViewTime":null,"library":"DAILY","played":false,"playInfo":[{"height":720,"name":"高清","type":"high","url":"http:\/\/baobab.kaiyanapp.com\/api\/v1\/playUrl?vid=57972&editionType=high&source=qcloud&f=iphone&u=011f2924aa2cf27aa5dc8066c041fe08116a9a0c&vc=67","urlList":[{"name":"qcloud","size":73316311,"url":"http:\/\/baobab.kaiyanapp.com\/api\/v1\/playUrl?vid=57972&editionType=high&source=qcloud&f=iphone&u=011f2924aa2cf27aa5dc8066c041fe08116a9a0c&vc=67"},{"name":"ucloud","size":73316311,"url":"http:\/\/baobab.kaiyanapp.com\/api\/v1\/playUrl?vid=57972&editionType=high&source=ucloud&f=iphone&u=011f2924aa2cf27aa5dc8066c041fe08116a9a0c&vc=67"}],"width":1280}],"playlists":null,"playUrl":"http:\/\/baobab.kaiyanapp.com\/api\/v1\/playUrl?vid=57972&editionType=default&source=qcloud&f=iphone&u=011f2924aa2cf27aa5dc8066c041fe08116a9a0c&vc=67","promotion":null,"provider":{"alias":"vimeo","icon":"http:\/\/img.kaiyanapp.com\/c3ad630be461cbb081649c9e21d6cbe3.png","name":"Vimeo"},"rawWebUrl":"http:\/\/www.eyepetizer.net\/detail.html?vid=57972","releaseTime":1509325201000,"remark":"\"A married cat-dog couple of cupcake bakers dream of opening their own bakery. One day their oven breaks and they have to postpone their dream in order to earn money and replace it. Somewhere down the line, they drift apart from their dream and from themselves.\"\n---\n\"Here's the plan\" (\"Este es el Plan\") is a 18-minute CG animated short film from Chile. Directed by Fernanda Frick and financed by the National Council of Culture and Arts, it took almost 2 years of work and a talented team of 32 professionals to finish it.\nIt had it's World Premiere at Nashville International Film Festival and it's national premiere at Festival Chilemonos 2017.","shareAdTrack":null,"slogan":"别再计划未来，现在就开始吧！","subtitles":[],"tags":[{"actionUrl":"eyepetizer:\/\/tag\/14\/?title=%E5%8A%A8%E7%94%BB","adTrack":null,"id":14,"name":"动画"},{"actionUrl":"eyepetizer:\/\/tag\/108\/?title=%E7%88%B1%E6%83%85","adTrack":null,"id":108,"name":"爱情"},{"actionUrl":"eyepetizer:\/\/tag\/530\/?title=%E4%BA%BA%E7%94%9F","adTrack":null,"id":530,"name":"人生"},{"actionUrl":"eyepetizer:\/\/tag\/510\/?title=%E5%8A%B1%E5%BF%97","adTrack":null,"id":510,"name":"励志"}],"thumbPlayUrl":"","title":"智利获奖爱情动画：「烘培店计划」","titlePgc":"","type":"NORMAL","waterMarks":null,"webAdTrack":null,"webUrlForWeibo":"http:\/\/www.eyepetizer.net\/detail.html?vid=57972"},{"adTrack":null,"author":null,"campaign":null,"category":"创意","collected":false,"consumption":{"collectionCount":18,"replyCount":0,"shareCount":2},"coverBlurred":"http:\/\/img.kaiyanapp.com\/f08f60139252895991f12e3575f2afbd.jpeg?imageMogr2\/quality\/60\/format\/jpg","coverForDetail":"http:\/\/img.kaiyanapp.com\/2363b8e357d4a8c7ea1c53c0e089116e.jpeg?imageMogr2\/quality\/60\/format\/jpg","coverForFeed":"http:\/\/img.kaiyanapp.com\/2363b8e357d4a8c7ea1c53c0e089116e.jpeg?imageMogr2\/quality\/60\/format\/jpg","coverForSharing":null,"dataType":"VideoBeanForClientV1","date":1509325200000,"description":"Image Engine 是加拿大的特效制作公司，除了「神奇动物在哪里」，他们还曾与电影「第九区」、「侏罗纪世界」等大片，还有最近大热美剧「权力的游戏」合作。From Image Engine","descriptionEditor":"Image Engine 是加拿大的特效制作公司，除了「神奇动物在哪里」，他们还曾与电影「第九区」、「侏罗纪世界」等大片，还有最近大热美剧「权力的游戏」合作。From Image Engine","descriptionPgc":null,"duration":270,"favoriteAdTrack":null,"id":13307,"idx":0,"label":null,"labelList":[],"lastViewTime":null,"library":"DAILY","played":false,"playInfo":[{"height":480,"name":"标清","type":"normal","url":"http:\/\/baobab.kaiyanapp.com\/api\/v1\/playUrl?vid=13307&editionType=normal&source=qcloud&f=iphone&u=011f2924aa2cf27aa5dc8066c041fe08116a9a0c&vc=67","urlList":[{"name":"qcloud","size":22185215,"url":"http:\/\/baobab.kaiyanapp.com\/api\/v1\/playUrl?vid=13307&editionType=normal&source=qcloud&f=iphone&u=011f2924aa2cf27aa5dc8066c041fe08116a9a0c&vc=67"},{"name":"ucloud","size":22185215,"url":"http:\/\/baobab.kaiyanapp.com\/api\/v1\/playUrl?vid=13307&editionType=normal&source=ucloud&f=iphone&u=011f2924aa2cf27aa5dc8066c041fe08116a9a0c&vc=67"}],"width":854},{"height":720,"name":"高清","type":"high","url":"http:\/\/baobab.kaiyanapp.com\/api\/v1\/playUrl?vid=13307&editionType=high&source=qcloud&f=iphone&u=011f2924aa2cf27aa5dc8066c041fe08116a9a0c&vc=67","urlList":[{"name":"qcloud","size":39279083,"url":"http:\/\/baobab.kaiyanapp.com\/api\/v1\/playUrl?vid=13307&editionType=high&source=qcloud&f=iphone&u=011f2924aa2cf27aa5dc8066c041fe08116a9a0c&vc=67"},{"name":"ucloud","size":39279083,"url":"http:\/\/baobab.kaiyanapp.com\/api\/v1\/playUrl?vid=13307&editionType=high&source=ucloud&f=iphone&u=011f2924aa2cf27aa5dc8066c041fe08116a9a0c&vc=67"}],"width":1280}],"playlists":null,"playUrl":"http:\/\/baobab.kaiyanapp.com\/api\/v1\/playUrl?vid=13307&editionType=default&source=qcloud&f=iphone&u=011f2924aa2cf27aa5dc8066c041fe08116a9a0c&vc=67","promotion":null,"provider":{"alias":"vimeo","icon":"http:\/\/img.kaiyanapp.com\/c3ad630be461cbb081649c9e21d6cbe3.png","name":"Vimeo"},"rawWebUrl":"http:\/\/www.eyepetizer.net\/detail.html?vid=13307","releaseTime":1509325202000,"remark":null,"shareAdTrack":null,"slogan":"Image Engine 公司特效制作揭秘","subtitles":[],"tags":[{"actionUrl":"eyepetizer:\/\/tag\/2\/?title=%E5%88%9B%E6%84%8F","adTrack":null,"id":2,"name":"创意"},{"actionUrl":"eyepetizer:\/\/tag\/14\/?title=%E5%8A%A8%E7%94%BB","adTrack":null,"id":14,"name":"动画"},{"actionUrl":"eyepetizer:\/\/tag\/54\/?title=VFX","adTrack":null,"id":54,"name":"VFX"},{"actionUrl":"eyepetizer:\/\/tag\/36\/?title=%E9%9B%86%E9%94%A6","adTrack":null,"id":36,"name":"集锦"},{"actionUrl":"eyepetizer:\/\/tag\/570\/?title=%E7%94%B5%E5%BD%B1%E7%9B%B8%E5%85%B3","adTrack":null,"id":570,"name":"电影相关"}],"thumbPlayUrl":null,"title":"「神奇动物在哪里」幕后特效回顾","titlePgc":null,"type":"NORMAL","waterMarks":null,"webAdTrack":null,"webUrlForWeibo":"http:\/\/wandou.im\/3lklli"}]},{"date":1509238800000,"total":5,"videoList":[{"adTrack":null,"author":null,"campaign":null,"category":"创意","collected":false,"consumption":{"collectionCount":1092,"replyCount":21,"shareCount":560},"coverBlurred":"http:\/\/img.kaiyanapp.com\/bd74e6d3d7576dfb01b8a4f517a39262.jpeg?imageMogr2\/quality\/60\/format\/jpg","coverForDetail":"http:\/\/img.kaiyanapp.com\/b132114219a2d25cdf31f964f45df0ea.jpeg?imageMogr2\/quality\/60\/format\/jpg","coverForFeed":"http:\/\/img.kaiyanapp.com\/b132114219a2d25cdf31f964f45df0ea.jpeg?imageMogr2\/quality\/60\/format\/jpg","coverForSharing":null,"dataType":"VideoBeanForClientV1","date":1509238800000,"description":"一张白纸，能玩出什么花样？这部好似魔术般的定格给你答案。From STEVEN BRIAND","descriptionEditor":"一张白纸，能玩出什么花样？这部好似魔术般的定格给你答案。From STEVEN BRIAND","descriptionPgc":null,"duration":90,"favoriteAdTrack":null,"id":12955,"idx":0,"label":null,"labelList":[],"lastViewTime":null,"library":"DAILY","played":false,"playInfo":[{"height":480,"name":"标清","type":"normal","url":"http:\/\/baobab.kaiyanapp.com\/api\/v1\/playUrl?vid=12955&editionType=normal&source=qcloud&f=iphone&u=011f2924aa2cf27aa5dc8066c041fe08116a9a0c&vc=67","urlList":[{"name":"qcloud","size":3674929,"url":"http:\/\/baobab.kaiyanapp.com\/api\/v1\/playUrl?vid=12955&editionType=normal&source=qcloud&f=iphone&u=011f2924aa2cf27aa5dc8066c041fe08116a9a0c&vc=67"},{"name":"ucloud","size":3674929,"url":"http:\/\/baobab.kaiyanapp.com\/api\/v1\/playUrl?vid=12955&editionType=normal&source=ucloud&f=iphone&u=011f2924aa2cf27aa5dc8066c041fe08116a9a0c&vc=67"}],"width":854},{"height":720,"name":"高清","type":"high","url":"http:\/\/baobab.kaiyanapp.com\/api\/v1\/playUrl?vid=12955&editionType=high&source=qcloud&f=iphone&u=011f2924aa2cf27aa5dc8066c041fe08116a9a0c&vc=67","urlList":[{"name":"qcloud","size":5373800,"url":"http:\/\/baobab.kaiyanapp.com\/api\/v1\/playUrl?vid=12955&editionType=high&source=qcloud&f=iphone&u=011f2924aa2cf27aa5dc8066c041fe08116a9a0c&vc=67"},{"name":"ucloud","size":5373800,"url":"http:\/\/baobab.kaiyanapp.com\/api\/v1\/playUrl?vid=12955&editionType=high&source=ucloud&f=iphone&u=011f2924aa2cf27aa5dc8066c041fe08116a9a0c&vc=67"}],"width":1280}],"playlists":null,"playUrl":"http:\/\/baobab.kaiyanapp.com\/api\/v1\/playUrl?vid=12955&editionType=default&source=qcloud&f=iphone&u=011f2924aa2cf27aa5dc8066c041fe08116a9a0c&vc=67","promotion":null,"provider":{"alias":"vimeo","icon":"http:\/\/img.kaiyanapp.com\/c3ad630be461cbb081649c9e21d6cbe3.png","name":"Vimeo"},"rawWebUrl":"http:\/\/www.eyepetizer.net\/detail.html?vid=12955","releaseTime":1509238800000,"remark":null,"shareAdTrack":null,"slogan":"看他能玩出什么花样！","subtitles":[],"tags":[{"actionUrl":"eyepetizer:\/\/tag\/2\/?title=%E5%88%9B%E6%84%8F","adTrack":null,"id":2,"name":"创意"},{"actionUrl":"eyepetizer:\/\/tag\/146\/?title=666","adTrack":null,"id":146,"name":"666"},{"actionUrl":"eyepetizer:\/\/tag\/82\/?title=%E5%AE%9A%E6%A0%BC","adTrack":null,"id":82,"name":"定格"},{"actionUrl":"eyepetizer:\/\/tag\/514\/?title=%E5%9F%8E%E4%BC%9A%E7%8E%A9","adTrack":null,"id":514,"name":"城会玩"}],"thumbPlayUrl":null,"title":"创意定格：对一张纸的想象","titlePgc":null,"type":"NORMAL","waterMarks":null,"webAdTrack":null,"webUrlForWeibo":"http:\/\/wandou.im\/3lgvya"},{"adTrack":null,"author":null,"campaign":null,"category":"剧情","collected":false,"consumption":{"collectionCount":630,"replyCount":8,"shareCount":338},"coverBlurred":"http:\/\/img.kaiyanapp.com\/f0910e60dd6643d504e2f63204612b02.jpeg?imageMogr2\/quality\/60\/format\/jpg","coverForDetail":"http:\/\/img.kaiyanapp.com\/7be08a6a01d0ec82185660bdc94d0fd6.jpeg?imageMogr2\/quality\/60\/format\/jpg","coverForFeed":"http:\/\/img.kaiyanapp.com\/7be08a6a01d0ec82185660bdc94d0fd6.jpeg?imageMogr2\/quality\/60\/format\/jpg","coverForSharing":null,"dataType":"VideoBeanForClientV1","date":1509238800000,"description":"一对情侣从各自角度讲述初次相遇的心动，最甜的莫过于听到那句「三年后，我们还在一起」。你呢？相信一见钟情吗？From Eugene Kolb","descriptionEditor":"一对情侣从各自角度讲述初次相遇的心动，最甜的莫过于听到那句「三年后，我们还在一起」。你呢？相信一见钟情吗？From Eugene Kolb","descriptionPgc":"","duration":300,"favoriteAdTrack":null,"id":57097,"idx":0,"label":null,"labelList":[],"lastViewTime":null,"library":"DAILY","played":false,"playInfo":[{"height":720,"name":"高清","type":"high","url":"http:\/\/baobab.kaiyanapp.com\/api\/v1\/playUrl?vid=57097&editionType=high&source=qcloud&f=iphone&u=011f2924aa2cf27aa5dc8066c041fe08116a9a0c&vc=67","urlList":[{"name":"qcloud","size":28539106,"url":"http:\/\/baobab.kaiyanapp.com\/api\/v1\/playUrl?vid=57097&editionType=high&source=qcloud&f=iphone&u=011f2924aa2cf27aa5dc8066c041fe08116a9a0c&vc=67"},{"name":"ucloud","size":28539106,"url":"http:\/\/baobab.kaiyanapp.com\/api\/v1\/playUrl?vid=57097&editionType=high&source=ucloud&f=iphone&u=011f2924aa2cf27aa5dc8066c041fe08116a9a0c&vc=67"}],"width":1280}],"playlists":null,"playUrl":"http:\/\/baobab.kaiyanapp.com\/api\/v1\/playUrl?vid=57097&editionType=default&source=qcloud&f=iphone&u=011f2924aa2cf27aa5dc8066c041fe08116a9a0c&vc=67","promotion":null,"provider":{"alias":"vimeo","icon":"http:\/\/img.kaiyanapp.com\/c3ad630be461cbb081649c9e21d6cbe3.png","name":"Vimeo"},"rawWebUrl":"http:\/\/www.eyepetizer.net\/detail.html?vid=57097","releaseTime":1509238802000,"remark":null,"shareAdTrack":null,"slogan":"你相信一见钟情吗？","subtitles":[],"tags":[{"actionUrl":"eyepetizer:\/\/tag\/12\/?title=%E5%89%A7%E6%83%85","adTrack":null,"id":12,"name":"剧情"},{"actionUrl":"eyepetizer:\/\/tag\/108\/?title=%E7%88%B1%E6%83%85","adTrack":null,"id":108,"name":"爱情"},{"actionUrl":"eyepetizer:\/\/tag\/482\/?title=%E6%84%9F%E6%82%9F","adTrack":null,"id":482,"name":"感悟"},{"actionUrl":"eyepetizer:\/\/tag\/530\/?title=%E4%BA%BA%E7%94%9F","adTrack":null,"id":530,"name":"人生"}],"thumbPlayUrl":"","title":"在纽约地铁站，我一眼便爱上了你","titlePgc":"","type":"NORMAL","waterMarks":null,"webAdTrack":null,"webUrlForWeibo":"http:\/\/www.eyepetizer.net\/detail.html?vid=57097"},{"adTrack":null,"author":null,"campaign":null,"category":"旅行","collected":false,"consumption":{"collectionCount":353,"replyCount":8,"shareCount":208},"coverBlurred":"http:\/\/img.kaiyanapp.com\/13e6404cc37040c4f0de7900186a3319.jpeg?imageMogr2\/quality\/60\/format\/jpg","coverForDetail":"http:\/\/img.kaiyanapp.com\/c6b821f2ea71f7ed8cd8da47fac67e9c.jpeg?imageMogr2\/quality\/60\/format\/jpg","coverForFeed":"http:\/\/img.kaiyanapp.com\/c6b821f2ea71f7ed8cd8da47fac67e9c.jpeg?imageMogr2\/quality\/60\/format\/jpg","coverForSharing":null,"dataType":"VideoBeanForClientV1","date":1509238800000,"description":"按照原本的计划，我们只为厄瓜多尔安排了两周的行程。但这里的人、物、景让我们没法同它狠心离别。于是索性从基多（厄瓜多尔的首都）、明多，走到亚马逊、科隆群岛……无数美景与生命，这里是大自然给我们的馈赠。","descriptionEditor":"按照原本的计划，我们只为厄瓜多尔安排了两周的行程。但这里的人、物、景让我们没法同它狠心离别。于是索性从基多（厄瓜多尔的首都）、明多，走到亚马逊、科隆群岛……无数美景与生命，这里是大自然给我们的馈赠。","descriptionPgc":null,"duration":201,"favoriteAdTrack":null,"id":10953,"idx":0,"label":null,"labelList":[],"lastViewTime":null,"library":"DAILY","played":false,"playInfo":[{"height":480,"name":"标清","type":"normal","url":"http:\/\/baobab.kaiyanapp.com\/api\/v1\/playUrl?vid=10953&editionType=normal&source=qcloud&f=iphone&u=011f2924aa2cf27aa5dc8066c041fe08116a9a0c&vc=67","urlList":[{"name":"qcloud","size":37936365,"url":"http:\/\/baobab.kaiyanapp.com\/api\/v1\/playUrl?vid=10953&editionType=normal&source=qcloud&f=iphone&u=011f2924aa2cf27aa5dc8066c041fe08116a9a0c&vc=67"},{"name":"ucloud","size":37936365,"url":"http:\/\/baobab.kaiyanapp.com\/api\/v1\/playUrl?vid=10953&editionType=normal&source=ucloud&f=iphone&u=011f2924aa2cf27aa5dc8066c041fe08116a9a0c&vc=67"}],"width":854},{"height":720,"name":"高清","type":"high","url":"http:\/\/baobab.kaiyanapp.com\/api\/v1\/playUrl?vid=10953&editionType=high&source=qcloud&f=iphone&u=011f2924aa2cf27aa5dc8066c041fe08116a9a0c&vc=67","urlList":[{"name":"qcloud","size":69095285,"url":"http:\/\/baobab.kaiyanapp.com\/api\/v1\/playUrl?vid=10953&editionType=high&source=qcloud&f=iphone&u=011f2924aa2cf27aa5dc8066c041fe08116a9a0c&vc=67"},{"name":"ucloud","size":69095285,"url":"http:\/\/baobab.kaiyanapp.com\/api\/v1\/playUrl?vid=10953&editionType=high&source=ucloud&f=iphone&u=011f2924aa2cf27aa5dc8066c041fe08116a9a0c&vc=67"}],"width":1280}],"playlists":null,"playUrl":"http:\/\/baobab.kaiyanapp.com\/api\/v1\/playUrl?vid=10953&editionType=default&source=qcloud&f=iphone&u=011f2924aa2cf27aa5dc8066c041fe08116a9a0c&vc=67","promotion":null,"provider":{"alias":"vimeo","icon":"http:\/\/img.kaiyanapp.com\/c3ad630be461cbb081649c9e21d6cbe3.png","name":"Vimeo"},"rawWebUrl":"http:\/\/www.eyepetizer.net\/detail.html?vid=10953","releaseTime":1509250042000,"remark":"I didn't know much about Ecuador except the Galapagos islands so as I arrived in Quito, my initial planned was to be in the country for 2 weeks and move on to Peru. What I did not realize though was the how much more to Ecuador than it is advertise. Did you know that there are more bird species in Ecaudor than in North America and Europe combined!? Did you know that Ecuador has one of the most concentrated numbers of volcano in an area!? Did you know that there are so many volcanos here, you can be busy hiking them for weeks!? Did you know that you can go off and hike 3 - 4 volcanoes right from Quito and came back and sleep in the city? Me neither! Ecuador is truly a hikers' and nature lover's paradise!\n\nInstead of spending only 2 weeks, I spent a whole month traveling around Ecuador. I haven't seen so many animals in my life! I probably seen more animals traveling for a month in Ecuador than in my entire life! I hiked a bunch of volcanoes around Quito (Pichincha, Quilotoa, and Cotopax","shareAdTrack":null,"slogan":"徒步者的天堂，大自然的馈赠","subtitles":[],"tags":[{"actionUrl":"eyepetizer:\/\/tag\/10\/?title=%E6%97%85%E8%A1%8C","adTrack":null,"id":10,"name":"旅行"},{"actionUrl":"eyepetizer:\/\/tag\/352\/?title=%E7%BE%8E%E6%B4%B2","adTrack":null,"id":352,"name":"美洲"},{"actionUrl":"eyepetizer:\/\/tag\/520\/?title=%E5%A4%A7%E8%87%AA%E7%84%B6","adTrack":null,"id":520,"name":"大自然"},{"actionUrl":"eyepetizer:\/\/tag\/522\/?title=%E9%87%8E%E7%94%9F%E5%8A%A8%E7%89%A9","adTrack":null,"id":522,"name":"野生动物"}],"thumbPlayUrl":null,"title":"穿越赤道：厄瓜多尔之旅","titlePgc":null,"type":"NORMAL","waterMarks":null,"webAdTrack":null,"webUrlForWeibo":"http:\/\/wandou.im\/3bus38"},{"adTrack":null,"author":{"adTrack":null,"approvedNotReadyVideoCount":0,"description":"持续推送新奇、有趣、大开眼界的欧美创意广告","follow":{"followed":false,"itemId":938,"itemType":"author"},"icon":"http:\/\/img.kaiyanapp.com\/e44ed5fcfa424ba35761ce5f1339bc16.jpeg?imageMogr2\/quality\/60\/format\/jpg","id":938,"ifPgc":true,"latestReleaseTime":1509238801000,"link":"","name":"欧美广告精选","shield":{"itemId":938,"itemType":"author","shielded":false},"videoNum":169},"campaign":null,"category":"广告","collected":false,"consumption":{"collectionCount":386,"replyCount":5,"shareCount":165},"coverBlurred":"http:\/\/img.kaiyanapp.com\/ae0a7c87e4d2534a04265ad74f8ee37b.jpeg?imageMogr2\/quality\/60\/format\/jpg","coverForDetail":"http:\/\/img.kaiyanapp.com\/fe73d5b7dbd65f10ab8314ae0c08e9fe.jpeg?imageMogr2\/quality\/60\/format\/jpg","coverForFeed":"http:\/\/img.kaiyanapp.com\/fe73d5b7dbd65f10ab8314ae0c08e9fe.jpeg?imageMogr2\/quality\/60\/format\/jpg","coverForSharing":null,"dataType":"VideoBeanForClientV1","date":1509238800000,"description":"智能汽车、联网汽车、电动汽车……接下来会是什么？这部广告由 PostPanic 公司  Mischa Rozema 导演为荷兰租车公司 LEASEPLAN 所做，请到英国理查德·哈蒙德（汽车节目「Top Gear」主持人）主演，让我们看到对未来汽车的想象。","descriptionEditor":"智能汽车、联网汽车、电动汽车……接下来会是什么？这部广告由 PostPanic 公司  Mischa Rozema 导演为荷兰租车公司 LEASEPLAN 所做，请到英国理查德·哈蒙德（汽车节目「Top Gear」主持人）主演，让我们看到对未来汽车的想象。","descriptionPgc":"","duration":195,"favoriteAdTrack":null,"id":57088,"idx":0,"label":null,"labelList":[],"lastViewTime":null,"library":"DAILY","played":false,"playInfo":[{"height":536,"name":"高清","type":"high","url":"http:\/\/baobab.kaiyanapp.com\/api\/v1\/playUrl?vid=57088&editionType=high&source=qcloud&f=iphone&u=011f2924aa2cf27aa5dc8066c041fe08116a9a0c&vc=67","urlList":[{"name":"qcloud","size":32361220,"url":"http:\/\/baobab.kaiyanapp.com\/api\/v1\/playUrl?vid=57088&editionType=high&source=qcloud&f=iphone&u=011f2924aa2cf27aa5dc8066c041fe08116a9a0c&vc=67"},{"name":"ucloud","size":32361220,"url":"http:\/\/baobab.kaiyanapp.com\/api\/v1\/playUrl?vid=57088&editionType=high&source=ucloud&f=iphone&u=011f2924aa2cf27aa5dc8066c041fe08116a9a0c&vc=67"}],"width":1280}],"playlists":null,"playUrl":"http:\/\/baobab.kaiyanapp.com\/api\/v1\/playUrl?vid=57088&editionType=default&source=qcloud&f=iphone&u=011f2924aa2cf27aa5dc8066c041fe08116a9a0c&vc=67","promotion":null,"provider":{"alias":"vimeo","icon":"http:\/\/img.kaiyanapp.com\/c3ad630be461cbb081649c9e21d6cbe3.png","name":"Vimeo"},"rawWebUrl":"http:\/\/www.eyepetizer.net\/detail.html?vid=57088","releaseTime":1509238801000,"remark":"Internal stakeholder communications may seem like the creative industry's unloved projects but LEASEPLAN's ambitious film directed by PostPanic's Mischa Rozema raises the bar on how to digest corporate messaging. Commissioned by Amsterdam agency Etcetera, the 3 minute long film sees journalist and 'Grand Tour' presenter Richard Hammond take the lead in a cinematic, action-packed and unexpected journey through the future of private car leasing.","shareAdTrack":null,"slogan":"「Top Gear」理查德·哈蒙德畅快解说","subtitles":[],"tags":[{"actionUrl":"eyepetizer:\/\/tag\/16\/?title=%E5%B9%BF%E5%91%8A","adTrack":null,"id":16,"name":"广告"},{"actionUrl":"eyepetizer:\/\/tag\/86\/?title=%E4%B8%80%E9%95%9C%E5%88%B0%E5%BA%95","adTrack":null,"id":86,"name":"一镜到底"},{"actionUrl":"eyepetizer:\/\/tag\/2\/?title=%E5%88%9B%E6%84%8F","adTrack":null,"id":2,"name":"创意"},{"actionUrl":"eyepetizer:\/\/tag\/562\/?title=%E6%B1%BD%E8%BD%A6","adTrack":null,"id":562,"name":"汽车"},{"actionUrl":"eyepetizer:\/\/tag\/558\/?title=%E6%A6%82%E5%BF%B5%E4%BA%A7%E5%93%81","adTrack":null,"id":558,"name":"概念产品"},{"actionUrl":"eyepetizer:\/\/tag\/556\/?title=%E7%A7%91%E6%8A%80","adTrack":null,"id":556,"name":"科技"}],"thumbPlayUrl":"","title":"放飞想象力：「未来式拼车」","titlePgc":"","type":"NORMAL","waterMarks":null,"webAdTrack":null,"webUrlForWeibo":"http:\/\/www.eyepetizer.net\/detail.html?vid=57088&utm_campaign=routine&utm_medium=share&utm_source=weibo"},{"adTrack":null,"author":null,"campaign":null,"category":"科普","collected":false,"consumption":{"collectionCount":204,"replyCount":4,"shareCount":81},"coverBlurred":"http:\/\/img.kaiyanapp.com\/a4eabe139814871252d0023215b37033.jpeg?imageMogr2\/quality\/60\/format\/jpg","coverForDetail":"http:\/\/img.kaiyanapp.com\/b4770658a531444433b46cd2b74fd6e4.jpeg?imageMogr2\/quality\/60\/format\/jpg","coverForFeed":"http:\/\/img.kaiyanapp.com\/b4770658a531444433b46cd2b74fd6e4.jpeg?imageMogr2\/quality\/60\/format\/jpg","coverForSharing":null,"dataType":"VideoBeanForClientV1","date":1509238800000,"description":"80 年代应该算是汽车外形变化的转折期，从原本方正的硬朗线条变为更圆润的流线型，你更喜欢哪种呢？From Vox","descriptionEditor":"80 年代应该算是汽车外形变化的转折期，从原本方正的硬朗线条变为更圆润的流线型，你更喜欢哪种呢？From Vox","descriptionPgc":null,"duration":240,"favoriteAdTrack":null,"id":11760,"idx":0,"label":null,"labelList":[],"lastViewTime":null,"library":"DAILY","played":false,"playInfo":[{"height":480,"name":"标清","type":"normal","url":"http:\/\/baobab.kaiyanapp.com\/api\/v1\/playUrl?vid=11760&editionType=normal&source=qcloud&f=iphone&u=011f2924aa2cf27aa5dc8066c041fe08116a9a0c&vc=67","urlList":[{"name":"qcloud","size":16795050,"url":"http:\/\/baobab.kaiyanapp.com\/api\/v1\/playUrl?vid=11760&editionType=normal&source=qcloud&f=iphone&u=011f2924aa2cf27aa5dc8066c041fe08116a9a0c&vc=67"},{"name":"ucloud","size":16795050,"url":"http:\/\/baobab.kaiyanapp.com\/api\/v1\/playUrl?vid=11760&editionType=normal&source=ucloud&f=iphone&u=011f2924aa2cf27aa5dc8066c041fe08116a9a0c&vc=67"}],"width":854},{"height":720,"name":"高清","type":"high","url":"http:\/\/baobab.kaiyanapp.com\/api\/v1\/playUrl?vid=11760&editionType=high&source=qcloud&f=iphone&u=011f2924aa2cf27aa5dc8066c041fe08116a9a0c&vc=67","urlList":[{"name":"qcloud","size":24018082,"url":"http:\/\/baobab.kaiyanapp.com\/api\/v1\/playUrl?vid=11760&editionType=high&source=qcloud&f=iphone&u=011f2924aa2cf27aa5dc8066c041fe08116a9a0c&vc=67"},{"name":"ucloud","size":24018082,"url":"http:\/\/baobab.kaiyanapp.com\/api\/v1\/playUrl?vid=11760&editionType=high&source=ucloud&f=iphone&u=011f2924aa2cf27aa5dc8066c041fe08116a9a0c&vc=67"}],"width":1280}],"playlists":null,"playUrl":"http:\/\/baobab.kaiyanapp.com\/api\/v1\/playUrl?vid=11760&editionType=default&source=qcloud&f=iphone&u=011f2924aa2cf27aa5dc8066c041fe08116a9a0c&vc=67","promotion":null,"provider":{"alias":"youtube","icon":"http:\/\/img.kaiyanapp.com\/fa20228bc5b921e837156923a58713f6.png","name":"YouTube"},"rawWebUrl":"http:\/\/www.eyepetizer.net\/detail.html?vid=11760","releaseTime":1509238802000,"remark":null,"shareAdTrack":null,"slogan":"硬朗到圆润，70 年代到 90 年代的变迁","subtitles":[],"tags":[{"actionUrl":"eyepetizer:\/\/tag\/44\/?title=%E7%A7%91%E6%99%AE","adTrack":null,"id":44,"name":"科普"},{"actionUrl":"eyepetizer:\/\/tag\/562\/?title=%E6%B1%BD%E8%BD%A6","adTrack":null,"id":562,"name":"汽车"},{"actionUrl":"eyepetizer:\/\/tag\/484\/?title=%E5%B9%B2%E8%B4%A7","adTrack":null,"id":484,"name":"干货"},{"actionUrl":"eyepetizer:\/\/tag\/572\/?title=%E5%8E%86%E5%8F%B2","adTrack":null,"id":572,"name":"历史"}],"thumbPlayUrl":null,"title":"汽车是如何变成今天这个样子的？","titlePgc":null,"type":"NORMAL","waterMarks":null,"webAdTrack":null,"webUrlForWeibo":"http:\/\/wandou.im\/3inov6"}]},{"date":1509152400000,"total":5,"videoList":[{"adTrack":null,"author":{"adTrack":null,"approvedNotReadyVideoCount":0,"description":"用最短的时间，讲精彩的梗。","follow":{"followed":false,"itemId":1330,"itemType":"author"},"icon":"http:\/\/img.kaiyanapp.com\/e4157b0fe07f7aac09ce1be7fac375ba.jpeg?imageMogr2\/quality\/60\/format\/jpg","id":1330,"ifPgc":true,"latestReleaseTime":1509152400000,"link":"","name":"Frame Order 搞笑卡通","shield":{"itemId":1330,"itemType":"author","shielded":false},"videoNum":63},"campaign":null,"category":"创意","collected":false,"consumption":{"collectionCount":1158,"replyCount":19,"shareCount":671},"coverBlurred":"http:\/\/img.kaiyanapp.com\/f2bff4b7107cc3bdede4f66657112176.jpeg?imageMogr2\/quality\/60\/format\/jpg","coverForDetail":"http:\/\/img.kaiyanapp.com\/af225c0a0a5a48c40d934276fd443a81.jpeg?imageMogr2\/quality\/60\/format\/jpg","coverForFeed":"http:\/\/img.kaiyanapp.com\/af225c0a0a5a48c40d934276fd443a81.jpeg?imageMogr2\/quality\/60\/format\/jpg","coverForSharing":null,"dataType":"VideoBeanForClientV1","date":1509152400000,"description":"五十年代的餐厅里，年轻小伙子在舞池里与最美的姑娘跳着舞。偶尔有扫兴者打扰也不要紧，只要有音乐，我们就永远年轻。","descriptionEditor":"五十年代的餐厅里，年轻小伙子在舞池里与最美的姑娘跳着舞。偶尔有扫兴者打扰也不要紧，只要有音乐，我们就永远年轻。","descriptionPgc":null,"duration":176,"favoriteAdTrack":null,"id":25827,"idx":0,"label":null,"labelList":[],"lastViewTime":null,"library":"DAILY","played":false,"playInfo":[{"height":480,"name":"标清","type":"normal","url":"http:\/\/baobab.kaiyanapp.com\/api\/v1\/playUrl?vid=25827&editionType=normal&source=qcloud&f=iphone&u=011f2924aa2cf27aa5dc8066c041fe08116a9a0c&vc=67","urlList":[{"name":"qcloud","size":10535027,"url":"http:\/\/baobab.kaiyanapp.com\/api\/v1\/playUrl?vid=25827&editionType=normal&source=qcloud&f=iphone&u=011f2924aa2cf27aa5dc8066c041fe08116a9a0c&vc=67"},{"name":"ucloud","size":10535027,"url":"http:\/\/baobab.kaiyanapp.com\/api\/v1\/playUrl?vid=25827&editionType=normal&source=ucloud&f=iphone&u=011f2924aa2cf27aa5dc8066c041fe08116a9a0c&vc=67"}],"width":854},{"height":720,"name":"高清","type":"high","url":"http:\/\/baobab.kaiyanapp.com\/api\/v1\/playUrl?vid=25827&editionType=high&source=qcloud&f=iphone&u=011f2924aa2cf27aa5dc8066c041fe08116a9a0c&vc=67","urlList":[{"name":"qcloud","size":16295491,"url":"http:\/\/baobab.kaiyanapp.com\/api\/v1\/playUrl?vid=25827&editionType=high&source=qcloud&f=iphone&u=011f2924aa2cf27aa5dc8066c041fe08116a9a0c&vc=67"},{"name":"ucloud","size":16295491,"url":"http:\/\/baobab.kaiyanapp.com\/api\/v1\/playUrl?vid=25827&editionType=high&source=ucloud&f=iphone&u=011f2924aa2cf27aa5dc8066c041fe08116a9a0c&vc=67"}],"width":1280}],"playlists":null,"playUrl":"http:\/\/baobab.kaiyanapp.com\/api\/v1\/playUrl?vid=25827&editionType=default&source=qcloud&f=iphone&u=011f2924aa2cf27aa5dc8066c041fe08116a9a0c&vc=67","promotion":null,"provider":{"alias":"vimeo","icon":"http:\/\/img.kaiyanapp.com\/c3ad630be461cbb081649c9e21d6cbe3.png","name":"Vimeo"},"rawWebUrl":"http:\/\/www.eyepetizer.net\/detail.html?vid=25827","releaseTime":1509152400000,"remark":"In a typical fifties diner a gangly teenager tries to rock and roll with the prettiest girl on the dance floor, but is opposed by an importunate cool dude and a stammering jukebox.\n\nAnimation studio FRAME ORDER conceives and produces animated content for every size screen. With GOLDEN OLDIES directors Daan Velsink and Joost Lieuwma present an ultrashort slapstick comedy in a unique style with a distinctive look and a touch of nostalgia.","shareAdTrack":null,"slogan":"五十年代复古定格短片：「黄金时代」","subtitles":[],"tags":[{"actionUrl":"eyepetizer:\/\/tag\/2\/?title=%E5%88%9B%E6%84%8F","adTrack":null,"id":2,"name":"创意"},{"actionUrl":"eyepetizer:\/\/tag\/194\/?title=%E5%A4%8D%E5%8F%A4","adTrack":null,"id":194,"name":"复古"},{"actionUrl":"eyepetizer:\/\/tag\/206\/?title=%E8%88%9E%E8%B9%88","adTrack":null,"id":206,"name":"舞蹈"},{"actionUrl":"eyepetizer:\/\/tag\/82\/?title=%E5%AE%9A%E6%A0%BC","adTrack":null,"id":82,"name":"定格"}],"thumbPlayUrl":null,"title":"你还记得吗？那些美好的旧时光","titlePgc":null,"type":"NORMAL","waterMarks":null,"webAdTrack":null,"webUrlForWeibo":"http:\/\/wandou.im\/3np6ie"},{"adTrack":null,"author":{"adTrack":null,"approvedNotReadyVideoCount":0,"description":"全球青年文化之声","follow":{"followed":false,"itemId":198,"itemType":"author"},"icon":"http:\/\/img.kaiyanapp.com\/70716e90178d2ea35be9e550c26795f1.jpeg","id":198,"ifPgc":true,"latestReleaseTime":1509015136000,"link":"","name":"VICE 中国","shield":{"itemId":198,"itemType":"author","shielded":false},"videoNum":108},"campaign":null,"category":"记录","collected":false,"consumption":{"collectionCount":615,"replyCount":21,"shareCount":881},"coverBlurred":"http:\/\/img.kaiyanapp.com\/884f8f856450ac09d35e4e56a13b8fa5.jpeg?imageMogr2\/quality\/60\/format\/jpg","coverForDetail":"http:\/\/img.kaiyanapp.com\/c9a39cfc001485b6e87fd2cb2408938e.jpeg?imageMogr2\/quality\/60\/format\/jpg","coverForFeed":"http:\/\/img.kaiyanapp.com\/c9a39cfc001485b6e87fd2cb2408938e.jpeg?imageMogr2\/quality\/60\/format\/jpg","coverForSharing":null,"dataType":"VideoBeanForClientV1","date":1509152400000,"description":"房子的功能早已不再是住的和炒了，它简单粗暴地衡量着他们各自生活的「成功」与「失败」。  VICE 中国，揭开房地产市场繁荣的表象，走进真实内心，看看房子在这个苍白的物质时代如何挑动人们纤弱的「安全感」。","descriptionEditor":"房子的功能早已不再是住的和炒了，它简单粗暴地衡量着他们各自生活的「成功」与「失败」。  VICE 中国，揭开房地产市场繁荣的表象，走进真实内心，看看房子在这个苍白的物质时代如何挑动人们纤弱的「安全感」。","descriptionPgc":"房子的功能早已不再是住的和炒了，它简单粗暴地衡量着他们各自生活的“成功”与“失败”。  VICE中国，揭开房地产市场繁荣的表象，走进真实内心，看看房子在这个苍白的物质时代如何挑动人们纤弱的“安全感”。","duration":880,"favoriteAdTrack":null,"id":58369,"idx":0,"label":null,"labelList":[],"lastViewTime":null,"library":"DAILY","played":false,"playInfo":[{"height":480,"name":"标清","type":"normal","url":"http:\/\/baobab.kaiyanapp.com\/api\/v1\/playUrl?vid=58369&editionType=normal&source=qcloud&f=iphone&u=011f2924aa2cf27aa5dc8066c041fe08116a9a0c&vc=67","urlList":[{"name":"qcloud","size":77326804,"url":"http:\/\/baobab.kaiyanapp.com\/api\/v1\/playUrl?vid=58369&editionType=normal&source=qcloud&f=iphone&u=011f2924aa2cf27aa5dc8066c041fe08116a9a0c&vc=67"},{"name":"ucloud","size":77326804,"url":"http:\/\/baobab.kaiyanapp.com\/api\/v1\/playUrl?vid=58369&editionType=normal&source=ucloud&f=iphone&u=011f2924aa2cf27aa5dc8066c041fe08116a9a0c&vc=67"}],"width":854},{"height":720,"name":"高清","type":"high","url":"http:\/\/baobab.kaiyanapp.com\/api\/v1\/playUrl?vid=58369&editionType=high&source=qcloud&f=iphone&u=011f2924aa2cf27aa5dc8066c041fe08116a9a0c&vc=67","urlList":[{"name":"qcloud","size":141577230,"url":"http:\/\/baobab.kaiyanapp.com\/api\/v1\/playUrl?vid=58369&editionType=high&source=qcloud&f=iphone&u=011f2924aa2cf27aa5dc8066c041fe08116a9a0c&vc=67"},{"name":"ucloud","size":141577230,"url":"http:\/\/baobab.kaiyanapp.com\/api\/v1\/playUrl?vid=58369&editionType=high&source=ucloud&f=iphone&u=011f2924aa2cf27aa5dc8066c041fe08116a9a0c&vc=67"}],"width":1280}],"playlists":null,"playUrl":"http:\/\/baobab.kaiyanapp.com\/api\/v1\/playUrl?vid=58369&editionType=default&source=qcloud&f=iphone&u=011f2924aa2cf27aa5dc8066c041fe08116a9a0c&vc=67","promotion":null,"provider":{"alias":"PGC","icon":"","name":"PGC"},"rawWebUrl":"http:\/\/www.eyepetizer.net\/detail.html?vid=58369","releaseTime":1509015136000,"remark":"麻烦放在本周五六日（10月27-29日）任意一天的编辑精选前两位。感谢～","shareAdTrack":null,"slogan":"你的「安全感」，和房子有关吗？","subtitles":[],"tags":[{"actionUrl":"eyepetizer:\/\/tag\/666\/?title=%E7%94%9F%E6%B4%BB","adTrack":null,"id":666,"name":"生活"},{"actionUrl":"eyepetizer:\/\/tag\/482\/?title=%E6%84%9F%E6%82%9F","adTrack":null,"id":482,"name":"感悟"},{"actionUrl":"eyepetizer:\/\/tag\/120\/?title=%E9%BB%91%E8%89%B2%E5%B9%BD%E9%BB%98","adTrack":null,"id":120,"name":"黑色幽默"}],"thumbPlayUrl":null,"title":"消费时代：因房而异","titlePgc":"消费时代 | 因房而异","type":"NORMAL","waterMarks":null,"webAdTrack":null,"webUrlForWeibo":"http:\/\/www.eyepetizer.net\/detail.html?vid=58369"},{"adTrack":null,"author":{"adTrack":null,"approvedNotReadyVideoCount":0,"description":"Simon's Cat 系列动画讲述了一只调皮捣蛋且动作滑稽的猫，与他的主人西蒙的故事。","follow":{"followed":false,"itemId":743,"itemType":"author"},"icon":"http:\/\/img.kaiyanapp.com\/44e9b7deb855e604c6285032842019a3.jpeg?imageMogr2\/quality\/60\/format\/jpg","id":743,"ifPgc":true,"latestReleaseTime":1509152402000,"link":"","name":"Simon's Cat","shield":{"itemId":743,"itemType":"author","shielded":false},"videoNum":66},"campaign":null,"category":"动画","collected":false,"consumption":{"collectionCount":367,"replyCount":13,"shareCount":348},"coverBlurred":"http:\/\/img.kaiyanapp.com\/3c22af4a75617d67577e375c292d7dfa.jpeg?imageMogr2\/quality\/60\/format\/jpg","coverForDetail":"http:\/\/img.kaiyanapp.com\/af92760dea2a3f94a589694ba4d17074.jpeg?imageMogr2\/quality\/60\/format\/jpg","coverForFeed":"http:\/\/img.kaiyanapp.com\/af92760dea2a3f94a589694ba4d17074.jpeg?imageMogr2\/quality\/60\/format\/jpg","coverForSharing":null,"dataType":"VideoBeanForClientV1","date":1509152400000,"description":"和蜜蜂的一次「偶遇」，总算是让天不怕地不怕的喵星人吃到了苦头。可对于铲屎官来说不是什么好事，带猫咪看病的重任他应付得过来吗？","descriptionEditor":"和蜜蜂的一次「偶遇」，总算是让天不怕地不怕的喵星人吃到了苦头。可对于铲屎官来说不是什么好事，带猫咪看病的重任他应付得过来吗？","descriptionPgc":null,"duration":771,"favoriteAdTrack":null,"id":58478,"idx":0,"label":null,"labelList":[],"lastViewTime":null,"library":"DAILY","played":false,"playInfo":[{"height":480,"name":"标清","type":"normal","url":"http:\/\/baobab.kaiyanapp.com\/api\/v1\/playUrl?vid=58478&editionType=normal&source=qcloud&f=iphone&u=011f2924aa2cf27aa5dc8066c041fe08116a9a0c&vc=67","urlList":[{"name":"qcloud","size":36339318,"url":"http:\/\/baobab.kaiyanapp.com\/api\/v1\/playUrl?vid=58478&editionType=normal&source=qcloud&f=iphone&u=011f2924aa2cf27aa5dc8066c041fe08116a9a0c&vc=67"},{"name":"ucloud","size":36339318,"url":"http:\/\/baobab.kaiyanapp.com\/api\/v1\/playUrl?vid=58478&editionType=normal&source=ucloud&f=iphone&u=011f2924aa2cf27aa5dc8066c041fe08116a9a0c&vc=67"}],"width":854},{"height":720,"name":"高清","type":"high","url":"http:\/\/baobab.kaiyanapp.com\/api\/v1\/playUrl?vid=58478&editionType=high&source=qcloud&f=iphone&u=011f2924aa2cf27aa5dc8066c041fe08116a9a0c&vc=67","urlList":[{"name":"qcloud","size":51748627,"url":"http:\/\/baobab.kaiyanapp.com\/api\/v1\/playUrl?vid=58478&editionType=high&source=qcloud&f=iphone&u=011f2924aa2cf27aa5dc8066c041fe08116a9a0c&vc=67"},{"name":"ucloud","size":51748627,"url":"http:\/\/baobab.kaiyanapp.com\/api\/v1\/playUrl?vid=58478&editionType=high&source=ucloud&f=iphone&u=011f2924aa2cf27aa5dc8066c041fe08116a9a0c&vc=67"}],"width":1280}],"playlists":null,"playUrl":"http:\/\/baobab.kaiyanapp.com\/api\/v1\/playUrl?vid=58478&editionType=default&source=qcloud&f=iphone&u=011f2924aa2cf27aa5dc8066c041fe08116a9a0c&vc=67","promotion":null,"provider":{"alias":"youtube","icon":"http:\/\/img.kaiyanapp.com\/fa20228bc5b921e837156923a58713f6.png","name":"YouTube"},"rawWebUrl":"http:\/\/www.eyepetizer.net\/detail.html?vid=58478","releaseTime":1509152402000,"remark":"After an unfortunate encounter in the garden, Simon’s Cat goes to great lengths to avoid an imminent visit to the vet. As always, the question remains - will his long-suffering owner Simon step up to the challenge?\nAfter a successful crowdfunding campaign in 2014 to make a longer film, ‘Simon’s Cat: Off to the Vet' became the first 12 minute Simon's Cat film to be produced in full colour. \nA HUGE thank you to all our Indiegogo Supporters. This film would not have been possible without you! \n‘Simon’s Cat: Off to the Vet’ has screened at multiple film festivals around the world and was awarded The McLaren Award for Best British Animation at the Edinburgh International Film Festival 2016.","shareAdTrack":null,"slogan":"铲屎官面临最大挑战","subtitles":[],"tags":[{"actionUrl":"eyepetizer:\/\/tag\/14\/?title=%E5%8A%A8%E7%94%BB","adTrack":null,"id":14,"name":"动画"},{"actionUrl":"eyepetizer:\/\/tag\/58\/?title=2D","adTrack":null,"id":58,"name":"2D"},{"actionUrl":"eyepetizer:\/\/tag\/32\/?title=%E8%90%8C%E5%AE%A0","adTrack":null,"id":32,"name":"萌宠"},{"actionUrl":"eyepetizer:\/\/tag\/538\/?title=%E5%96%B5%E6%98%9F%E4%BA%BA","adTrack":null,"id":538,"name":"喵星人"}],"thumbPlayUrl":null,"title":"西蒙的猫：「喵星人就医记」","titlePgc":null,"type":"NORMAL","waterMarks":null,"webAdTrack":null,"webUrlForWeibo":"http:\/\/www.eyepetizer.net\/detail.html?vid=58478"},{"adTrack":null,"author":null,"campaign":null,"category":"记录","collected":false,"consumption":{"collectionCount":185,"replyCount":8,"shareCount":173},"coverBlurred":"http:\/\/img.kaiyanapp.com\/746c915ffbce5235da10091897959cac.jpeg?imageMogr2\/quality\/60\/format\/jpg","coverForDetail":"http:\/\/img.kaiyanapp.com\/40ad76cb505bc69aebcf962c54933b8c.jpeg?imageMogr2\/quality\/60\/format\/jpg","coverForFeed":"http:\/\/img.kaiyanapp.com\/40ad76cb505bc69aebcf962c54933b8c.jpeg?imageMogr2\/quality\/60\/format\/jpg","coverForSharing":null,"dataType":"VideoBeanForClientV1","date":1509152400000,"description":"谁说一过 60 岁就要坐上轮椅安享晚年？美国弗罗里达州为当地老年人设立了专属「奥利匹克」比赛，真正诠释了「生命不息，运动不止」，你还有什么借口拒绝运动呢？From Anderson Wright","descriptionEditor":"谁说一过 60 岁就要坐上轮椅安享晚年？美国弗罗里达州为当地老年人设立了专属「奥利匹克」比赛，真正诠释了「生命不息，运动不止」，你还有什么借口拒绝运动呢？From Anderson Wright","descriptionPgc":null,"duration":138,"favoriteAdTrack":null,"id":17096,"idx":0,"label":null,"labelList":[],"lastViewTime":null,"library":"DAILY","played":false,"playInfo":[{"height":484,"name":"高清","type":"high","url":"http:\/\/baobab.kaiyanapp.com\/api\/v1\/playUrl?vid=17096&editionType=high&source=qcloud&f=iphone&u=011f2924aa2cf27aa5dc8066c041fe08116a9a0c&vc=67","urlList":[{"name":"qcloud","size":16717056,"url":"http:\/\/baobab.kaiyanapp.com\/api\/v1\/playUrl?vid=17096&editionType=high&source=qcloud&f=iphone&u=011f2924aa2cf27aa5dc8066c041fe08116a9a0c&vc=67"},{"name":"ucloud","size":16717056,"url":"http:\/\/baobab.kaiyanapp.com\/api\/v1\/playUrl?vid=17096&editionType=high&source=ucloud&f=iphone&u=011f2924aa2cf27aa5dc8066c041fe08116a9a0c&vc=67"}],"width":1280}],"playlists":null,"playUrl":"http:\/\/baobab.kaiyanapp.com\/api\/v1\/playUrl?vid=17096&editionType=default&source=qcloud&f=iphone&u=011f2924aa2cf27aa5dc8066c041fe08116a9a0c&vc=67","promotion":null,"provider":{"alias":"vimeo","icon":"http:\/\/img.kaiyanapp.com\/c3ad630be461cbb081649c9e21d6cbe3.png","name":"Vimeo"},"rawWebUrl":"http:\/\/www.eyepetizer.net\/detail.html?vid=17096","releaseTime":1509152403000,"remark":"The Florida Senior Games is an annual Olympic-style athletic competition for senior citizens.\n","shareAdTrack":null,"slogan":"他们都能做到，你还有什么借口拒绝运动？","subtitles":[],"tags":[{"actionUrl":"eyepetizer:\/\/tag\/24\/?title=%E8%AE%B0%E5%BD%95","adTrack":null,"id":24,"name":"记录"},{"actionUrl":"eyepetizer:\/\/tag\/4\/?title=%E8%BF%90%E5%8A%A8","adTrack":null,"id":4,"name":"运动"},{"actionUrl":"eyepetizer:\/\/tag\/510\/?title=%E5%8A%B1%E5%BF%97","adTrack":null,"id":510,"name":"励志"},{"actionUrl":"eyepetizer:\/\/tag\/508\/?title=%E7%87%83","adTrack":null,"id":508,"name":"燃"},{"actionUrl":"eyepetizer:\/\/tag\/482\/?title=%E6%84%9F%E6%82%9F","adTrack":null,"id":482,"name":"感悟"},{"actionUrl":"eyepetizer:\/\/tag\/532\/?title=%E7%94%9F%E5%91%BD","adTrack":null,"id":532,"name":"生命"}],"thumbPlayUrl":null,"title":"打破成见：老年「奥利匹克」运动会","titlePgc":null,"type":"NORMAL","waterMarks":null,"webAdTrack":null,"webUrlForWeibo":"http:\/\/wandou.im\/3me2fd"},{"adTrack":null,"author":null,"campaign":null,"category":"科普","collected":false,"consumption":{"collectionCount":392,"replyCount":6,"shareCount":305},"coverBlurred":"http:\/\/img.kaiyanapp.com\/649681778b1e109e953742552c96856e.jpeg?imageMogr2\/quality\/60\/format\/jpg","coverForDetail":"http:\/\/img.kaiyanapp.com\/8982a96938b064b58f0b658d0e21ab82.jpeg?imageMogr2\/quality\/60\/format\/jpg","coverForFeed":"http:\/\/img.kaiyanapp.com\/8982a96938b064b58f0b658d0e21ab82.jpeg?imageMogr2\/quality\/60\/format\/jpg","coverForSharing":null,"dataType":"VideoBeanForClientV1","date":1509152400000,"description":"其实活到多少岁并不是重点，重要的是拥有一个健康的身体，这样才有机会享受未来的每一天，不是吗？From AsapSCIENCE","descriptionEditor":"其实活到多少岁并不是重点，重要的是拥有一个健康的身体，这样才有机会享受未来的每一天，不是吗？From AsapSCIENCE","descriptionPgc":"","duration":244,"favoriteAdTrack":null,"id":35826,"idx":0,"label":null,"labelList":[],"lastViewTime":null,"library":"DAILY","played":false,"playInfo":[{"height":720,"name":"高清","type":"high","url":"http:\/\/baobab.kaiyanapp.com\/api\/v1\/playUrl?vid=35826&editionType=high&source=qcloud&f=iphone&u=011f2924aa2cf27aa5dc8066c041fe08116a9a0c&vc=67","urlList":[{"name":"qcloud","size":27525501,"url":"http:\/\/baobab.kaiyanapp.com\/api\/v1\/playUrl?vid=35826&editionType=high&source=qcloud&f=iphone&u=011f2924aa2cf27aa5dc8066c041fe08116a9a0c&vc=67"},{"name":"ucloud","size":27525501,"url":"http:\/\/baobab.kaiyanapp.com\/api\/v1\/playUrl?vid=35826&editionType=high&source=ucloud&f=iphone&u=011f2924aa2cf27aa5dc8066c041fe08116a9a0c&vc=67"}],"width":1280}],"playlists":null,"playUrl":"http:\/\/baobab.kaiyanapp.com\/api\/v1\/playUrl?vid=35826&editionType=default&source=qcloud&f=iphone&u=011f2924aa2cf27aa5dc8066c041fe08116a9a0c&vc=67","promotion":null,"provider":{"alias":"youtube","icon":"http:\/\/img.kaiyanapp.com\/fa20228bc5b921e837156923a58713f6.png","name":"YouTube"},"rawWebUrl":"http:\/\/www.eyepetizer.net\/detail.html?vid=35826","releaseTime":1509152403000,"remark":null,"shareAdTrack":null,"slogan":"长寿其实没那么难，坚持去做就对了","subtitles":[],"tags":[{"actionUrl":"eyepetizer:\/\/tag\/44\/?title=%E7%A7%91%E6%99%AE","adTrack":null,"id":44,"name":"科普"},{"actionUrl":"eyepetizer:\/\/tag\/484\/?title=%E5%B9%B2%E8%B4%A7","adTrack":null,"id":484,"name":"干货"},{"actionUrl":"eyepetizer:\/\/tag\/532\/?title=%E7%94%9F%E5%91%BD","adTrack":null,"id":532,"name":"生命"},{"actionUrl":"eyepetizer:\/\/tag\/530\/?title=%E4%BA%BA%E7%94%9F","adTrack":null,"id":530,"name":"人生"}],"thumbPlayUrl":"","title":"如何活到 100 岁？","titlePgc":"","type":"NORMAL","waterMarks":null,"webAdTrack":null,"webUrlForWeibo":"http:\/\/wandou.im\/3nsfdf"}]},{"date":1509066000000,"total":5,"videoList":[{"adTrack":null,"author":null,"campaign":null,"category":"动画","collected":false,"consumption":{"collectionCount":752,"replyCount":9,"shareCount":309},"coverBlurred":"http:\/\/img.kaiyanapp.com\/b869e261c6bfd25930ffc92eb9e62e99.jpeg?imageMogr2\/quality\/60\/format\/jpg","coverForDetail":"http:\/\/img.kaiyanapp.com\/b097edc51663a56c0d1930e56c09462e.jpeg?imageMogr2\/quality\/60\/format\/jpg","coverForFeed":"http:\/\/img.kaiyanapp.com\/b097edc51663a56c0d1930e56c09462e.jpeg?imageMogr2\/quality\/60\/format\/jpg","coverForSharing":null,"dataType":"VideoBeanForClientV1","date":1509066000000,"description":"作者用干净的手绘描述了忙碌城市的一天。你的一天也是这样吗？本片由 Lee Arkapaw 动画制作，导演是 Tessa Chong。BGM：Super Magic Hats 的「Transpose」。From Tessa Chong","descriptionEditor":"作者用干净的手绘描述了忙碌城市的一天。你的一天也是这样吗？本片由 Lee Arkapaw 动画制作，导演是 Tessa Chong。BGM：Super Magic Hats 的「Transpose」。From Tessa Chong","descriptionPgc":null,"duration":184,"favoriteAdTrack":null,"id":13701,"idx":0,"label":null,"labelList":[],"lastViewTime":null,"library":"DAILY","played":false,"playInfo":[{"height":480,"name":"标清","type":"normal","url":"http:\/\/baobab.kaiyanapp.com\/api\/v1\/playUrl?vid=13701&editionType=normal&source=qcloud&f=iphone&u=011f2924aa2cf27aa5dc8066c041fe08116a9a0c&vc=67","urlList":[{"name":"qcloud","size":15843636,"url":"http:\/\/baobab.kaiyanapp.com\/api\/v1\/playUrl?vid=13701&editionType=normal&source=qcloud&f=iphone&u=011f2924aa2cf27aa5dc8066c041fe08116a9a0c&vc=67"},{"name":"ucloud","size":15843636,"url":"http:\/\/baobab.kaiyanapp.com\/api\/v1\/playUrl?vid=13701&editionType=normal&source=ucloud&f=iphone&u=011f2924aa2cf27aa5dc8066c041fe08116a9a0c&vc=67"}],"width":854},{"height":720,"name":"高清","type":"high","url":"http:\/\/baobab.kaiyanapp.com\/api\/v1\/playUrl?vid=13701&editionType=high&source=qcloud&f=iphone&u=011f2924aa2cf27aa5dc8066c041fe08116a9a0c&vc=67","urlList":[{"name":"qcloud","size":25349041,"url":"http:\/\/baobab.kaiyanapp.com\/api\/v1\/playUrl?vid=13701&editionType=high&source=qcloud&f=iphone&u=011f2924aa2cf27aa5dc8066c041fe08116a9a0c&vc=67"},{"name":"ucloud","size":25349041,"url":"http:\/\/baobab.kaiyanapp.com\/api\/v1\/playUrl?vid=13701&editionType=high&source=ucloud&f=iphone&u=011f2924aa2cf27aa5dc8066c041fe08116a9a0c&vc=67"}],"width":1280}],"playlists":null,"playUrl":"http:\/\/baobab.kaiyanapp.com\/api\/v1\/playUrl?vid=13701&editionType=default&source=qcloud&f=iphone&u=011f2924aa2cf27aa5dc8066c041fe08116a9a0c&vc=67","promotion":null,"provider":{"alias":"vimeo","icon":"http:\/\/img.kaiyanapp.com\/c3ad630be461cbb081649c9e21d6cbe3.png","name":"Vimeo"},"rawWebUrl":"http:\/\/www.eyepetizer.net\/detail.html?vid=13701","releaseTime":1509066002000,"remark":"Music: \nConcept, animation and direction: Tessa Chong\nIllustration and animation: Lee Arkapaw\n\nHear more from the Super Magic Hats album 'Separation': hushhushrecords.bandcamp.com\/album\/separation","shareAdTrack":null,"slogan":"日复一日的城市，好像也变得可爱了起来","subtitles":[],"tags":[{"actionUrl":"eyepetizer:\/\/tag\/14\/?title=%E5%8A%A8%E7%94%BB","adTrack":null,"id":14,"name":"动画"},{"actionUrl":"eyepetizer:\/\/tag\/196\/?title=%E6%B8%85%E6%96%B0","adTrack":null,"id":196,"name":"清新"},{"actionUrl":"eyepetizer:\/\/tag\/18\/?title=%E9%9F%B3%E4%B9%90","adTrack":null,"id":18,"name":"音乐"},{"actionUrl":"eyepetizer:\/\/tag\/72\/?title=%E6%89%8B%E7%BB%98","adTrack":null,"id":72,"name":"手绘"},{"actionUrl":"eyepetizer:\/\/tag\/534\/?title=%E4%BA%BA%E6%96%87","adTrack":null,"id":534,"name":"人文"},{"actionUrl":"eyepetizer:\/\/tag\/482\/?title=%E6%84%9F%E6%82%9F","adTrack":null,"id":482,"name":"感悟"},{"actionUrl":"eyepetizer:\/\/tag\/174\/?title=%E6%B2%BB%E6%84%88","adTrack":null,"id":174,"name":"治愈"}],"thumbPlayUrl":null,"title":"清新风动画：「生活的模样」","titlePgc":null,"type":"NORMAL","waterMarks":null,"webAdTrack":null,"webUrlForWeibo":"http:\/\/wandou.im\/3ls3g2"},{"adTrack":null,"author":null,"campaign":null,"category":"科普","collected":false,"consumption":{"collectionCount":725,"replyCount":8,"shareCount":488},"coverBlurred":"http:\/\/img.kaiyanapp.com\/8732bddf0381bdd08890773e392bf844.jpeg?imageMogr2\/quality\/60\/format\/jpg","coverForDetail":"http:\/\/img.kaiyanapp.com\/4127a79097ce6cd136b23b2569b38ea4.jpeg?imageMogr2\/quality\/60\/format\/jpg","coverForFeed":"http:\/\/img.kaiyanapp.com\/4127a79097ce6cd136b23b2569b38ea4.jpeg?imageMogr2\/quality\/60\/format\/jpg","coverForSharing":null,"dataType":"VideoBeanForClientV1","date":1509066000000,"description":"设计商标并非一场即时的跳水选拔，而是一场拼耐力的游泳比赛，坚持到最后的才是胜者。这期我们请到了曾为希拉里·克林顿竞选总统设计 logo 的 Michael Bierut 讲述商标设计背后的意义。From Vox","descriptionEditor":"设计商标并非一场即时的跳水选拔，而是一场拼耐力的游泳比赛，坚持到最后的才是胜者。这期我们请到了曾为希拉里·克林顿竞选总统设计 logo 的 Michael Bierut 讲述商标设计背后的意义。From Vox","descriptionPgc":null,"duration":284,"favoriteAdTrack":null,"id":12922,"idx":0,"label":null,"labelList":[],"lastViewTime":null,"library":"DAILY","played":false,"playInfo":[{"height":480,"name":"标清","type":"normal","url":"http:\/\/baobab.kaiyanapp.com\/api\/v1\/playUrl?vid=12922&editionType=normal&source=qcloud&f=iphone&u=011f2924aa2cf27aa5dc8066c041fe08116a9a0c&vc=67","urlList":[{"name":"qcloud","size":17859184,"url":"http:\/\/baobab.kaiyanapp.com\/api\/v1\/playUrl?vid=12922&editionType=normal&source=qcloud&f=iphone&u=011f2924aa2cf27aa5dc8066c041fe08116a9a0c&vc=67"},{"name":"ucloud","size":17859184,"url":"http:\/\/baobab.kaiyanapp.com\/api\/v1\/playUrl?vid=12922&editionType=normal&source=ucloud&f=iphone&u=011f2924aa2cf27aa5dc8066c041fe08116a9a0c&vc=67"}],"width":854},{"height":720,"name":"高清","type":"high","url":"http:\/\/baobab.kaiyanapp.com\/api\/v1\/playUrl?vid=12922&editionType=high&source=qcloud&f=iphone&u=011f2924aa2cf27aa5dc8066c041fe08116a9a0c&vc=67","urlList":[{"name":"qcloud","size":27650182,"url":"http:\/\/baobab.kaiyanapp.com\/api\/v1\/playUrl?vid=12922&editionType=high&source=qcloud&f=iphone&u=011f2924aa2cf27aa5dc8066c041fe08116a9a0c&vc=67"},{"name":"ucloud","size":27650182,"url":"http:\/\/baobab.kaiyanapp.com\/api\/v1\/playUrl?vid=12922&editionType=high&source=ucloud&f=iphone&u=011f2924aa2cf27aa5dc8066c041fe08116a9a0c&vc=67"}],"width":1280}],"playlists":null,"playUrl":"http:\/\/baobab.kaiyanapp.com\/api\/v1\/playUrl?vid=12922&editionType=default&source=qcloud&f=iphone&u=011f2924aa2cf27aa5dc8066c041fe08116a9a0c&vc=67","promotion":null,"provider":{"alias":"youtube","icon":"http:\/\/img.kaiyanapp.com\/fa20228bc5b921e837156923a58713f6.png","name":"YouTube"},"rawWebUrl":"http:\/\/www.eyepetizer.net\/detail.html?vid=12922","releaseTime":1509066002000,"remark":"Here's how a simple mark ends up meaning something big as a great logo. Joe Posner, and Michael Bierut (designer of the Hillary Clinton logo) explain. For more from Michael Bierut on graphic design, check out his book \"How to use graphic design to sell things, explain things, make things look better, make people laugh, cry, and (every once in a while) change the world\": http:\/\/www.amazon.com\/How-Michael-Bie... \n\nSubscribe to our channel! http:\/\/goo.gl\/0bsAjO\n\nAbout once a month, there's a new logo to fight about on the internet. The biggest one in recent memory was the highly controversial Hillary Clinton logo, which did not escape scrutiny from Vox.com either. \n\nBut as a designer\/filmmaker, something about these repeated discussions struck me as missing the point on what makes logos tick. It often has little to do with the subjective musings. So I called up Michael Bierut, the designer of that Hillary Clinton logo and countless others. He sat down with me and helped explain the elemen","shareAdTrack":null,"slogan":"这不是跳水比赛，而是一场游泳比赛","subtitles":[],"tags":[{"actionUrl":"eyepetizer:\/\/tag\/2\/?title=%E5%88%9B%E6%84%8F","adTrack":null,"id":2,"name":"创意"},{"actionUrl":"eyepetizer:\/\/tag\/44\/?title=%E7%A7%91%E6%99%AE","adTrack":null,"id":44,"name":"科普"},{"actionUrl":"eyepetizer:\/\/tag\/66\/?title=%E5%B9%B3%E9%9D%A2%E8%AE%BE%E8%AE%A1","adTrack":null,"id":66,"name":"平面设计"},{"actionUrl":"eyepetizer:\/\/tag\/484\/?title=%E5%B9%B2%E8%B4%A7","adTrack":null,"id":484,"name":"干货"}],"thumbPlayUrl":null,"title":"LOGO 设计的价值","titlePgc":null,"type":"NORMAL","waterMarks":null,"webAdTrack":null,"webUrlForWeibo":"http:\/\/wandou.im\/3lgvvb"},{"adTrack":null,"author":null,"campaign":null,"category":"剧情","collected":false,"consumption":{"collectionCount":383,"replyCount":8,"shareCount":146},"coverBlurred":"http:\/\/img.kaiyanapp.com\/a00682e10a028ace7d9746354252b554.jpeg?imageMogr2\/quality\/60\/format\/jpg","coverForDetail":"http:\/\/img.kaiyanapp.com\/8f387a6785e22c7442f0e8528bb30d0b.jpeg?imageMogr2\/quality\/60\/format\/jpg","coverForFeed":"http:\/\/img.kaiyanapp.com\/8f387a6785e22c7442f0e8528bb30d0b.jpeg?imageMogr2\/quality\/60\/format\/jpg","coverForSharing":null,"dataType":"VideoBeanForClientV1","date":1509066000000,"description":"Katherene，一个在洛杉矶寻找爱情的女生遭遇了一段烂桃花。愤怒之下的无心之言被「热心」群众发到互联网上，引起一场不大不小的人身攻击……来自美国独立导演 Fitzgerald 的这部短片值得我们深思：互联网给我们带来的到底是什么？From andrew fitzgerald","descriptionEditor":"Katherene，一个在洛杉矶寻找爱情的女生遭遇了一段烂桃花。愤怒之下的无心之言被「热心」群众发到互联网上，引起一场不大不小的人身攻击……来自美国独立导演 Fitzgerald 的这部短片值得我们深思：互联网给我们带来的到底是什么？From andrew fitzgerald","descriptionPgc":"","duration":877,"favoriteAdTrack":null,"id":57139,"idx":0,"label":null,"labelList":[],"lastViewTime":null,"library":"DAILY","played":false,"playInfo":[{"height":536,"name":"高清","type":"high","url":"http:\/\/baobab.kaiyanapp.com\/api\/v1\/playUrl?vid=57139&editionType=high&source=qcloud&f=iphone&u=011f2924aa2cf27aa5dc8066c041fe08116a9a0c&vc=67","urlList":[{"name":"qcloud","size":72556642,"url":"http:\/\/baobab.kaiyanapp.com\/api\/v1\/playUrl?vid=57139&editionType=high&source=qcloud&f=iphone&u=011f2924aa2cf27aa5dc8066c041fe08116a9a0c&vc=67"},{"name":"ucloud","size":72556642,"url":"http:\/\/baobab.kaiyanapp.com\/api\/v1\/playUrl?vid=57139&editionType=high&source=ucloud&f=iphone&u=011f2924aa2cf27aa5dc8066c041fe08116a9a0c&vc=67"}],"width":1280}],"playlists":null,"playUrl":"http:\/\/baobab.kaiyanapp.com\/api\/v1\/playUrl?vid=57139&editionType=default&source=qcloud&f=iphone&u=011f2924aa2cf27aa5dc8066c041fe08116a9a0c&vc=67","promotion":null,"provider":{"alias":"vimeo","icon":"http:\/\/img.kaiyanapp.com\/c3ad630be461cbb081649c9e21d6cbe3.png","name":"Vimeo"},"rawWebUrl":"http:\/\/www.eyepetizer.net\/detail.html?vid=57139","releaseTime":1509066002000,"remark":"Katherene, a young woman in Los Angeles looking for love in all of the prescribed places, i.e., Tinder. ","shareAdTrack":null,"slogan":"互联网给我们带来的到底是什么？","subtitles":[],"tags":[{"actionUrl":"eyepetizer:\/\/tag\/12\/?title=%E5%89%A7%E6%83%85","adTrack":null,"id":12,"name":"剧情"},{"actionUrl":"eyepetizer:\/\/tag\/530\/?title=%E4%BA%BA%E7%94%9F","adTrack":null,"id":530,"name":"人生"},{"actionUrl":"eyepetizer:\/\/tag\/580\/?title=%E4%BA%BA%E6%80%A7","adTrack":null,"id":580,"name":"人性"},{"actionUrl":"eyepetizer:\/\/tag\/120\/?title=%E9%BB%91%E8%89%B2%E5%B9%BD%E9%BB%98","adTrack":null,"id":120,"name":"黑色幽默"},{"actionUrl":"eyepetizer:\/\/tag\/108\/?title=%E7%88%B1%E6%83%85","adTrack":null,"id":108,"name":"爱情"}],"thumbPlayUrl":"","title":"我们好像...在哪儿见过？","titlePgc":"","type":"NORMAL","waterMarks":null,"webAdTrack":null,"webUrlForWeibo":"http:\/\/www.eyepetizer.net\/detail.html?vid=57139"},{"adTrack":null,"author":{"adTrack":null,"approvedNotReadyVideoCount":0,"description":"Rudy Mancuso 是 Youtube 音乐、搞笑原创视频网红博主。","follow":{"followed":false,"itemId":783,"itemType":"author"},"icon":"http:\/\/img.kaiyanapp.com\/a7cba800a9ed6ac3a37ba87488f5add3.jpeg?imageMogr2\/quality\/60\/format\/jpg","id":783,"ifPgc":true,"latestReleaseTime":1508139960000,"link":"","name":"Rudy Mancuso","shield":{"itemId":783,"itemType":"author","shielded":false},"videoNum":51},"campaign":null,"category":"搞笑","collected":false,"consumption":{"collectionCount":414,"replyCount":19,"shareCount":226},"coverBlurred":"http:\/\/img.kaiyanapp.com\/94866536042257a02c6f079ff42ba30a.jpeg?imageMogr2\/quality\/60\/format\/jpg","coverForDetail":"http:\/\/img.kaiyanapp.com\/e59f6a014164762f854a18fd7802fe76.jpeg?imageMogr2\/quality\/60\/format\/jpg","coverForFeed":"http:\/\/img.kaiyanapp.com\/e59f6a014164762f854a18fd7802fe76.jpeg?imageMogr2\/quality\/60\/format\/jpg","coverForSharing":null,"dataType":"VideoBeanForClientV1","date":1509066000000,"description":"区区牛仔就想阻挡我们向往自由的心吗？可组团从墨西哥穿越到美国的这群人，最后还是在美国家得宝公司和同样来自墨西哥的同胞一起工作……","descriptionEditor":"区区牛仔就想阻挡我们向往自由的心吗？可组团从墨西哥穿越到美国的这群人，最后还是在美国家得宝公司和同样来自墨西哥的同胞一起工作……","descriptionPgc":"聚众穿越国界","duration":247,"favoriteAdTrack":null,"id":21449,"idx":0,"label":null,"labelList":[],"lastViewTime":null,"library":"DAILY","played":false,"playInfo":[{"height":720,"name":"高清","type":"high","url":"http:\/\/baobab.kaiyanapp.com\/api\/v1\/playUrl?vid=21449&editionType=high&source=qcloud&f=iphone&u=011f2924aa2cf27aa5dc8066c041fe08116a9a0c&vc=67","urlList":[{"name":"qcloud","size":54162329,"url":"http:\/\/baobab.kaiyanapp.com\/api\/v1\/playUrl?vid=21449&editionType=high&source=qcloud&f=iphone&u=011f2924aa2cf27aa5dc8066c041fe08116a9a0c&vc=67"},{"name":"ucloud","size":54162329,"url":"http:\/\/baobab.kaiyanapp.com\/api\/v1\/playUrl?vid=21449&editionType=high&source=ucloud&f=iphone&u=011f2924aa2cf27aa5dc8066c041fe08116a9a0c&vc=67"}],"width":1280}],"playlists":null,"playUrl":"http:\/\/baobab.kaiyanapp.com\/api\/v1\/playUrl?vid=21449&editionType=default&source=qcloud&f=iphone&u=011f2924aa2cf27aa5dc8066c041fe08116a9a0c&vc=67","promotion":null,"provider":{"alias":"CustomSrc","icon":"","name":"定制来源"},"rawWebUrl":"http:\/\/www.eyepetizer.net\/detail.html?vid=21449","releaseTime":1494385213000,"remark":null,"shareAdTrack":null,"slogan":"聚众穿越国界，结果就……","subtitles":[],"tags":[{"actionUrl":"eyepetizer:\/\/tag\/140\/?title=%E6%90%9E%E7%AC%91","adTrack":null,"id":140,"name":"搞笑"},{"actionUrl":"eyepetizer:\/\/tag\/146\/?title=666","adTrack":null,"id":146,"name":"666"},{"actionUrl":"eyepetizer:\/\/tag\/134\/?title=%E5%8F%8D%E8%BD%AC","adTrack":null,"id":134,"name":"反转"},{"actionUrl":"eyepetizer:\/\/tag\/162\/?title=%E6%97%A0%E5%8E%98%E5%A4%B4","adTrack":null,"id":162,"name":"无厘头"}],"thumbPlayUrl":null,"title":"走啊！到墙的那边去啊！","titlePgc":"","type":"NORMAL","waterMarks":null,"webAdTrack":null,"webUrlForWeibo":"http:\/\/wandou.im\/3n4iq5"},{"adTrack":null,"author":{"adTrack":null,"approvedNotReadyVideoCount":0,"description":"知名美食博主。@姜老刀 和小伙伴们一起做饭吃饭的地儿。","follow":{"followed":false,"itemId":22,"itemType":"author"},"icon":"http:\/\/img.kaiyanapp.com\/2faf2139c4b655e56a54bdb2ee06e0b4.jpeg","id":22,"ifPgc":true,"latestReleaseTime":1509008712000,"link":"http:\/\/weibo.com\/rishiji?from=myfollow_all","name":"日食记","shield":{"itemId":22,"itemType":"author","shielded":false},"videoNum":121},"campaign":null,"category":"生活","collected":false,"consumption":{"collectionCount":733,"replyCount":19,"shareCount":386},"coverBlurred":"http:\/\/img.kaiyanapp.com\/88faf0cd01986a01eef5ff40cfe38bf3.jpeg?imageMogr2\/quality\/60\/format\/jpg","coverForDetail":"http:\/\/img.kaiyanapp.com\/97f621408797ad050a3bbc6c4eeae5a6.jpeg?imageMogr2\/quality\/60\/format\/jpg","coverForFeed":"http:\/\/img.kaiyanapp.com\/97f621408797ad050a3bbc6c4eeae5a6.jpeg?imageMogr2\/quality\/60\/format\/jpg","coverForSharing":null,"dataType":"VideoBeanForClientV1","date":1509066000000,"description":"这样的一份甜点放到眼前，堪称「酷刑」，因为好看到不舍得吃！最后忍着心疼放进嘴里……凉凉滑滑，软糯Q弹，清甜不腻，吃完呼口气，满口都是椰香和桂花香。","descriptionEditor":"这样的一份甜点放到眼前，堪称「酷刑」，因为好看到不舍得吃！最后忍着心疼放进嘴里……凉凉滑滑，软糯Q弹，清甜不腻，吃完呼口气，满口都是椰香和桂花香。","descriptionPgc":"这样的一份甜点放到眼前，堪称“酷刑”，因为好看到不舍得吃！最后忍着心疼放进嘴里——凉凉滑滑，软糯Q弹，清甜不腻，吃完呼口气，满口都是椰香和桂花香。","duration":239,"favoriteAdTrack":null,"id":58190,"idx":0,"label":null,"labelList":[],"lastViewTime":null,"library":"DAILY","played":false,"playInfo":[{"height":480,"name":"标清","type":"normal","url":"http:\/\/baobab.kaiyanapp.com\/api\/v1\/playUrl?vid=58190&editionType=normal&source=qcloud&f=iphone&u=011f2924aa2cf27aa5dc8066c041fe08116a9a0c&vc=67","urlList":[{"name":"qcloud","size":17020448,"url":"http:\/\/baobab.kaiyanapp.com\/api\/v1\/playUrl?vid=58190&editionType=normal&source=qcloud&f=iphone&u=011f2924aa2cf27aa5dc8066c041fe08116a9a0c&vc=67"},{"name":"ucloud","size":17020448,"url":"http:\/\/baobab.kaiyanapp.com\/api\/v1\/playUrl?vid=58190&editionType=normal&source=ucloud&f=iphone&u=011f2924aa2cf27aa5dc8066c041fe08116a9a0c&vc=67"}],"width":854},{"height":720,"name":"高清","type":"high","url":"http:\/\/baobab.kaiyanapp.com\/api\/v1\/playUrl?vid=58190&editionType=high&source=qcloud&f=iphone&u=011f2924aa2cf27aa5dc8066c041fe08116a9a0c&vc=67","urlList":[{"name":"qcloud","size":27685881,"url":"http:\/\/baobab.kaiyanapp.com\/api\/v1\/playUrl?vid=58190&editionType=high&source=qcloud&f=iphone&u=011f2924aa2cf27aa5dc8066c041fe08116a9a0c&vc=67"},{"name":"ucloud","size":27685881,"url":"http:\/\/baobab.kaiyanapp.com\/api\/v1\/playUrl?vid=58190&editionType=high&source=ucloud&f=iphone&u=011f2924aa2cf27aa5dc8066c041fe08116a9a0c&vc=67"}],"width":1280}],"playlists":null,"playUrl":"http:\/\/baobab.kaiyanapp.com\/api\/v1\/playUrl?vid=58190&editionType=default&source=qcloud&f=iphone&u=011f2924aa2cf27aa5dc8066c041fe08116a9a0c&vc=67","promotion":null,"provider":{"alias":"PGC","icon":"","name":"PGC"},"rawWebUrl":"http:\/\/www.eyepetizer.net\/detail.html?vid=58190","releaseTime":1508932371000,"remark":"","shareAdTrack":null,"slogan":"好看到不舍得吃，堪称「酷刑」","subtitles":[],"tags":[{"actionUrl":"eyepetizer:\/\/tag\/666\/?title=%E7%94%9F%E6%B4%BB","adTrack":null,"id":666,"name":"生活"},{"actionUrl":"eyepetizer:\/\/tag\/20\/?title=%E5%BC%80%E8%83%83","adTrack":null,"id":20,"name":"开胃"},{"actionUrl":"eyepetizer:\/\/tag\/246\/?title=%E7%94%9C%E7%82%B9","adTrack":null,"id":246,"name":"甜点"}],"thumbPlayUrl":null,"title":"桂花糕做那么好看，还让我怎么下口？！","titlePgc":"桂花糕做那么好看，还让我怎么下口？！","type":"NORMAL","waterMarks":null,"webAdTrack":null,"webUrlForWeibo":"http:\/\/www.eyepetizer.net\/detail.html?vid=58190"}]},{"date":1508979600000,"total":5,"videoList":[{"adTrack":null,"author":{"adTrack":null,"approvedNotReadyVideoCount":0,"description":"一个喜欢极致冒险（作死）的小人，能不能活下来全凭天意。","follow":{"followed":false,"itemId":2062,"itemType":"author"},"icon":"http:\/\/img.kaiyanapp.com\/5c63d7ce07e4f964c400fe7fa55f0b0f.jpeg?imageMogr2\/quality\/60\/format\/jpg","id":2062,"ifPgc":true,"latestReleaseTime":1508979603000,"link":"","name":"Meet Arnold","shield":{"itemId":2062,"itemType":"author","shielded":false},"videoNum":1},"campaign":null,"category":"科普","collected":false,"consumption":{"collectionCount":346,"replyCount":16,"shareCount":161},"coverBlurred":"http:\/\/img.kaiyanapp.com\/3142b6a396b7cd1f2831d97bb54137c8.jpeg?imageMogr2\/quality\/60\/format\/jpg","coverForDetail":"http:\/\/img.kaiyanapp.com\/76ee6a3ec5d0a5fcdae87c8d6fb3e169.jpeg?imageMogr2\/quality\/60\/format\/jpg","coverForFeed":"http:\/\/img.kaiyanapp.com\/76ee6a3ec5d0a5fcdae87c8d6fb3e169.jpeg?imageMogr2\/quality\/60\/format\/jpg","coverForSharing":null,"dataType":"VideoBeanForClientV1","date":1508979600000,"description":"还记得上期「如果鲸鱼活活吞了你会怎样？」短片中的小人阿诺德吗？这期他找到了新的冒险地：地球中心。这次他能活着出来吗？","descriptionEditor":"还记得上期「如果鲸鱼活活吞了你会怎样？」短片中的小人阿诺德吗？这期他找到了新的冒险地：地球中心。这次他能活着出来吗？","descriptionPgc":null,"duration":115,"favoriteAdTrack":null,"id":57157,"idx":0,"label":null,"labelList":[],"lastViewTime":null,"library":"DAILY","played":false,"playInfo":[{"height":720,"name":"高清","type":"high","url":"http:\/\/baobab.kaiyanapp.com\/api\/v1\/playUrl?vid=57157&editionType=high&source=qcloud&f=iphone&u=011f2924aa2cf27aa5dc8066c041fe08116a9a0c&vc=67","urlList":[{"name":"qcloud","size":14554865,"url":"http:\/\/baobab.kaiyanapp.com\/api\/v1\/playUrl?vid=57157&editionType=high&source=qcloud&f=iphone&u=011f2924aa2cf27aa5dc8066c041fe08116a9a0c&vc=67"},{"name":"ucloud","size":14554865,"url":"http:\/\/baobab.kaiyanapp.com\/api\/v1\/playUrl?vid=57157&editionType=high&source=ucloud&f=iphone&u=011f2924aa2cf27aa5dc8066c041fe08116a9a0c&vc=67"}],"width":1280}],"playlists":null,"playUrl":"http:\/\/baobab.kaiyanapp.com\/api\/v1\/playUrl?vid=57157&editionType=default&source=qcloud&f=iphone&u=011f2924aa2cf27aa5dc8066c041fe08116a9a0c&vc=67","promotion":null,"provider":{"alias":"youtube","icon":"http:\/\/img.kaiyanapp.com\/fa20228bc5b921e837156923a58713f6.png","name":"YouTube"},"rawWebUrl":"http:\/\/www.eyepetizer.net\/detail.html?vid=57157","releaseTime":1508979603000,"remark":null,"shareAdTrack":null,"slogan":"阿诺德的地心历险记","subtitles":[],"tags":[{"actionUrl":"eyepetizer:\/\/tag\/44\/?title=%E7%A7%91%E6%99%AE","adTrack":null,"id":44,"name":"科普"},{"actionUrl":"eyepetizer:\/\/tag\/14\/?title=%E5%8A%A8%E7%94%BB","adTrack":null,"id":14,"name":"动画"},{"actionUrl":"eyepetizer:\/\/tag\/490\/?title=%E8%84%91%E6%B4%9E","adTrack":null,"id":490,"name":"脑洞"},{"actionUrl":"eyepetizer:\/\/tag\/98\/?title=%E5%BC%80%E6%94%BE%E5%BC%8F%E7%BB%93%E5%B1%80","adTrack":null,"id":98,"name":"开放式结局"}],"thumbPlayUrl":null,"title":"如果穿越地心，能活着到达地球另一端吗？","titlePgc":null,"type":"NORMAL","waterMarks":null,"webAdTrack":null,"webUrlForWeibo":"http:\/\/www.eyepetizer.net\/detail.html?vid=57157"},{"adTrack":null,"author":{"adTrack":null,"approvedNotReadyVideoCount":0,"description":"我们是由一群喜欢跑酷的人组成的一个小队，不管你来自世界的哪个角落，都可以加入我们。","follow":{"followed":false,"itemId":1210,"itemType":"author"},"icon":"http:\/\/img.kaiyanapp.com\/eeccbe419c2e8ef3d186b1223b6c9d6d.jpeg?imageMogr2\/quality\/60\/format\/jpg","id":1210,"ifPgc":true,"latestReleaseTime":1508979600000,"link":"","name":"跑酷小队farang","shield":{"itemId":1210,"itemType":"author","shielded":false},"videoNum":12},"campaign":null,"category":"运动","collected":false,"consumption":{"collectionCount":241,"replyCount":10,"shareCount":176},"coverBlurred":"http:\/\/img.kaiyanapp.com\/a3f79f6d901653e3b20c63504c5b1c2f.png?imageMogr2\/quality\/60\/format\/jpg","coverForDetail":"http:\/\/img.kaiyanapp.com\/9c9b87a3e3e23c92ed8da0225ba5f0fa.png?imageMogr2\/quality\/60\/format\/jpg","coverForFeed":"http:\/\/img.kaiyanapp.com\/9c9b87a3e3e23c92ed8da0225ba5f0fa.png?imageMogr2\/quality\/60\/format\/jpg","coverForSharing":null,"dataType":"VideoBeanForClientV1","date":1508979600000,"description":"旅行不用走，这次用跑的。看 Teamfarang 团队花式玩转曼谷。","descriptionEditor":"旅行不用走，这次用跑的。看 Teamfarang 团队花式玩转曼谷。","descriptionPgc":"曼谷精彩跑酷","duration":288,"favoriteAdTrack":null,"id":12976,"idx":0,"label":null,"labelList":[],"lastViewTime":null,"library":"DAILY","played":false,"playInfo":[{"height":480,"name":"标清","type":"normal","url":"http:\/\/baobab.kaiyanapp.com\/api\/v1\/playUrl?vid=12976&editionType=normal&source=qcloud&f=iphone&u=011f2924aa2cf27aa5dc8066c041fe08116a9a0c&vc=67","urlList":[{"name":"qcloud","size":33239420,"url":"http:\/\/baobab.kaiyanapp.com\/api\/v1\/playUrl?vid=12976&editionType=normal&source=qcloud&f=iphone&u=011f2924aa2cf27aa5dc8066c041fe08116a9a0c&vc=67"},{"name":"ucloud","size":33239420,"url":"http:\/\/baobab.kaiyanapp.com\/api\/v1\/playUrl?vid=12976&editionType=normal&source=ucloud&f=iphone&u=011f2924aa2cf27aa5dc8066c041fe08116a9a0c&vc=67"}],"width":854},{"height":720,"name":"高清","type":"high","url":"http:\/\/baobab.kaiyanapp.com\/api\/v1\/playUrl?vid=12976&editionType=high&source=qcloud&f=iphone&u=011f2924aa2cf27aa5dc8066c041fe08116a9a0c&vc=67","urlList":[{"name":"qcloud","size":54174386,"url":"http:\/\/baobab.kaiyanapp.com\/api\/v1\/playUrl?vid=12976&editionType=high&source=qcloud&f=iphone&u=011f2924aa2cf27aa5dc8066c041fe08116a9a0c&vc=67"},{"name":"ucloud","size":54174386,"url":"http:\/\/baobab.kaiyanapp.com\/api\/v1\/playUrl?vid=12976&editionType=high&source=ucloud&f=iphone&u=011f2924aa2cf27aa5dc8066c041fe08116a9a0c&vc=67"}],"width":1280}],"playlists":null,"playUrl":"http:\/\/baobab.kaiyanapp.com\/api\/v1\/playUrl?vid=12976&editionType=default&source=qcloud&f=iphone&u=011f2924aa2cf27aa5dc8066c041fe08116a9a0c&vc=67","promotion":null,"provider":{"alias":"CustomSrc","icon":"","name":"定制来源"},"rawWebUrl":"http:\/\/www.eyepetizer.net\/detail.html?vid=12976","releaseTime":1508979600000,"remark":"MUSIC - from epidemic sound library\nTrapped in berlin 2\nIt's A Gangster Party 1\nES_Violent Wavebusting 5","shareAdTrack":null,"slogan":"旅行不用走，这次用跑的","subtitles":[],"tags":[{"actionUrl":"eyepetizer:\/\/tag\/4\/?title=%E8%BF%90%E5%8A%A8","adTrack":null,"id":4,"name":"运动"},{"actionUrl":"eyepetizer:\/\/tag\/290\/?title=%E8%B7%91%E9%85%B7","adTrack":null,"id":290,"name":"跑酷"},{"actionUrl":"eyepetizer:\/\/tag\/146\/?title=666","adTrack":null,"id":146,"name":"666"},{"actionUrl":"eyepetizer:\/\/tag\/200\/?title=%E9%85%B7%E7%82%AB","adTrack":null,"id":200,"name":"酷炫"},{"actionUrl":"eyepetizer:\/\/tag\/10\/?title=%E6%97%85%E8%A1%8C","adTrack":null,"id":10,"name":"旅行"}],"thumbPlayUrl":null,"title":"在曼谷玩跑酷：「漫谷理论」","titlePgc":"","type":"NORMAL","waterMarks":null,"webAdTrack":null,"webUrlForWeibo":"http:\/\/wandou.im\/3lgw0i"},{"adTrack":null,"author":null,"campaign":null,"category":"音乐","collected":false,"consumption":{"collectionCount":957,"replyCount":15,"shareCount":483},"coverBlurred":"http:\/\/img.kaiyanapp.com\/5fdddbc3196d2182b7ed9f649ca3a1c7.png?imageMogr2\/quality\/60\/format\/jpg","coverForDetail":"http:\/\/img.kaiyanapp.com\/fa6e61d0c0ec744099c13b92891cd50f.png?imageMogr2\/quality\/60\/format\/jpg","coverForFeed":"http:\/\/img.kaiyanapp.com\/fa6e61d0c0ec744099c13b92891cd50f.png?imageMogr2\/quality\/60\/format\/jpg","coverForSharing":null,"dataType":"VideoBeanForClientV1","date":1508979600000,"description":"这首 Tom Rosenthal 的单曲「Soon Soon」被动画师 Ed Stockham 做成了温暖治愈的短片，正如歌里唱的那样「如果改变无法阻挡，就请你赶快来到」。面对未来，请无畏前行。From Tom Rosenthal","descriptionEditor":"这首 Tom Rosenthal 的单曲「Soon Soon」被动画师 Ed Stockham 做成了温暖治愈的短片，正如歌里唱的那样「如果改变无法阻挡，就请你赶快来到」。面对未来，请无畏前行。From Tom Rosenthal","descriptionPgc":null,"duration":137,"favoriteAdTrack":null,"id":12970,"idx":0,"label":null,"labelList":[],"lastViewTime":null,"library":"DAILY","played":false,"playInfo":[{"height":480,"name":"标清","type":"normal","url":"http:\/\/baobab.kaiyanapp.com\/api\/v1\/playUrl?vid=12970&editionType=normal&source=qcloud&f=iphone&u=011f2924aa2cf27aa5dc8066c041fe08116a9a0c&vc=67","urlList":[{"name":"qcloud","size":13544130,"url":"http:\/\/baobab.kaiyanapp.com\/api\/v1\/playUrl?vid=12970&editionType=normal&source=qcloud&f=iphone&u=011f2924aa2cf27aa5dc8066c041fe08116a9a0c&vc=67"},{"name":"ucloud","size":13544130,"url":"http:\/\/baobab.kaiyanapp.com\/api\/v1\/playUrl?vid=12970&editionType=normal&source=ucloud&f=iphone&u=011f2924aa2cf27aa5dc8066c041fe08116a9a0c&vc=67"}],"width":854},{"height":720,"name":"高清","type":"high","url":"http:\/\/baobab.kaiyanapp.com\/api\/v1\/playUrl?vid=12970&editionType=high&source=qcloud&f=iphone&u=011f2924aa2cf27aa5dc8066c041fe08116a9a0c&vc=67","urlList":[{"name":"qcloud","size":20263605,"url":"http:\/\/baobab.kaiyanapp.com\/api\/v1\/playUrl?vid=12970&editionType=high&source=qcloud&f=iphone&u=011f2924aa2cf27aa5dc8066c041fe08116a9a0c&vc=67"},{"name":"ucloud","size":20263605,"url":"http:\/\/baobab.kaiyanapp.com\/api\/v1\/playUrl?vid=12970&editionType=high&source=ucloud&f=iphone&u=011f2924aa2cf27aa5dc8066c041fe08116a9a0c&vc=67"}],"width":1280}],"playlists":null,"playUrl":"http:\/\/baobab.kaiyanapp.com\/api\/v1\/playUrl?vid=12970&editionType=default&source=qcloud&f=iphone&u=011f2924aa2cf27aa5dc8066c041fe08116a9a0c&vc=67","promotion":null,"provider":{"alias":"vimeo","icon":"http:\/\/img.kaiyanapp.com\/c3ad630be461cbb081649c9e21d6cbe3.png","name":"Vimeo"},"rawWebUrl":"http:\/\/www.eyepetizer.net\/detail.html?vid=12970","releaseTime":1508979602000,"remark":"Animation Directed by Ed Stockham","shareAdTrack":null,"slogan":"明天没什么可怕的，你比想象的更强大","subtitles":[],"tags":[{"actionUrl":"eyepetizer:\/\/tag\/18\/?title=%E9%9F%B3%E4%B9%90","adTrack":null,"id":18,"name":"音乐"},{"actionUrl":"eyepetizer:\/\/tag\/498\/?title=%E8%90%8C","adTrack":null,"id":498,"name":"萌"},{"actionUrl":"eyepetizer:\/\/tag\/530\/?title=%E4%BA%BA%E7%94%9F","adTrack":null,"id":530,"name":"人生"},{"actionUrl":"eyepetizer:\/\/tag\/510\/?title=%E5%8A%B1%E5%BF%97","adTrack":null,"id":510,"name":"励志"},{"actionUrl":"eyepetizer:\/\/tag\/14\/?title=%E5%8A%A8%E7%94%BB","adTrack":null,"id":14,"name":"动画"},{"actionUrl":"eyepetizer:\/\/tag\/72\/?title=%E6%89%8B%E7%BB%98","adTrack":null,"id":72,"name":"手绘"}],"thumbPlayUrl":null,"title":"治愈 MV：改变，请你快快来","titlePgc":null,"type":"NORMAL","waterMarks":null,"webAdTrack":null,"webUrlForWeibo":"http:\/\/wandou.im\/3lgvzs"},{"adTrack":null,"author":{"adTrack":null,"approvedNotReadyVideoCount":0,"description":"持续推送新奇、有趣、大开眼界的欧美创意广告","follow":{"followed":false,"itemId":938,"itemType":"author"},"icon":"http:\/\/img.kaiyanapp.com\/e44ed5fcfa424ba35761ce5f1339bc16.jpeg?imageMogr2\/quality\/60\/format\/jpg","id":938,"ifPgc":true,"latestReleaseTime":1509238801000,"link":"","name":"欧美广告精选","shield":{"itemId":938,"itemType":"author","shielded":false},"videoNum":169},"campaign":null,"category":"广告","collected":false,"consumption":{"collectionCount":538,"replyCount":14,"shareCount":489},"coverBlurred":"http:\/\/img.kaiyanapp.com\/4fa011bcd3eb0d8e7a06af1b6d54af71.png?imageMogr2\/quality\/60\/format\/jpg","coverForDetail":"http:\/\/img.kaiyanapp.com\/0c980cc27886fe212e1c3514f2767450.png?imageMogr2\/quality\/60\/format\/jpg","coverForFeed":"http:\/\/img.kaiyanapp.com\/0c980cc27886fe212e1c3514f2767450.png?imageMogr2\/quality\/60\/format\/jpg","coverForSharing":null,"dataType":"VideoBeanForClientV1","date":1508979600000,"description":"电话可以回拨，但生命不可能逆转。为了你和无辜的他们，在开车时请务必专心。From AT&T","descriptionEditor":"电话可以回拨，但生命不可能逆转。为了你和无辜的他们，在开车时请务必专心。From AT&T","descriptionPgc":"","duration":217,"favoriteAdTrack":null,"id":18932,"idx":0,"label":null,"labelList":[],"lastViewTime":null,"library":"DAILY","played":false,"playInfo":[{"height":480,"name":"标清","type":"normal","url":"http:\/\/baobab.kaiyanapp.com\/api\/v1\/playUrl?vid=18932&editionType=normal&source=qcloud&f=iphone&u=011f2924aa2cf27aa5dc8066c041fe08116a9a0c&vc=67","urlList":[{"name":"qcloud","size":13181687,"url":"http:\/\/baobab.kaiyanapp.com\/api\/v1\/playUrl?vid=18932&editionType=normal&source=qcloud&f=iphone&u=011f2924aa2cf27aa5dc8066c041fe08116a9a0c&vc=67"},{"name":"ucloud","size":13181687,"url":"http:\/\/baobab.kaiyanapp.com\/api\/v1\/playUrl?vid=18932&editionType=normal&source=ucloud&f=iphone&u=011f2924aa2cf27aa5dc8066c041fe08116a9a0c&vc=67"}],"width":854},{"height":720,"name":"高清","type":"high","url":"http:\/\/baobab.kaiyanapp.com\/api\/v1\/playUrl?vid=18932&editionType=high&source=qcloud&f=iphone&u=011f2924aa2cf27aa5dc8066c041fe08116a9a0c&vc=67","urlList":[{"name":"qcloud","size":18836265,"url":"http:\/\/baobab.kaiyanapp.com\/api\/v1\/playUrl?vid=18932&editionType=high&source=qcloud&f=iphone&u=011f2924aa2cf27aa5dc8066c041fe08116a9a0c&vc=67"},{"name":"ucloud","size":18836265,"url":"http:\/\/baobab.kaiyanapp.com\/api\/v1\/playUrl?vid=18932&editionType=high&source=ucloud&f=iphone&u=011f2924aa2cf27aa5dc8066c041fe08116a9a0c&vc=67"}],"width":1280}],"playlists":null,"playUrl":"http:\/\/baobab.kaiyanapp.com\/api\/v1\/playUrl?vid=18932&editionType=default&source=qcloud&f=iphone&u=011f2924aa2cf27aa5dc8066c041fe08116a9a0c&vc=67","promotion":null,"provider":{"alias":"youtube","icon":"http:\/\/img.kaiyanapp.com\/fa20228bc5b921e837156923a58713f6.png","name":"YouTube"},"rawWebUrl":null,"releaseTime":1508979602000,"remark":"The road is full of people whose lives are at risk the second you take your eyes off the road to look at your phone. If you'd never use your phone with someone in the car, you shouldn't do it alone.\n \nYou are never alone on the road. Distracted driving is never ok. Take the pledge to never drive distracted at itcanwait.com","shareAdTrack":null,"slogan":"马路上不只有你一人，请小心驾驶","subtitles":[],"tags":[{"actionUrl":"eyepetizer:\/\/tag\/16\/?title=%E5%B9%BF%E5%91%8A","adTrack":null,"id":16,"name":"广告"},{"actionUrl":"eyepetizer:\/\/tag\/40\/?title=%E5%85%AC%E7%9B%8A","adTrack":null,"id":40,"name":"公益"},{"actionUrl":"eyepetizer:\/\/tag\/498\/?title=%E8%90%8C","adTrack":null,"id":498,"name":"萌"},{"actionUrl":"eyepetizer:\/\/tag\/482\/?title=%E6%84%9F%E6%82%9F","adTrack":null,"id":482,"name":"感悟"}],"thumbPlayUrl":null,"title":"看不见的小孩","titlePgc":"","type":"NORMAL","waterMarks":null,"webAdTrack":null,"webUrlForWeibo":null},{"adTrack":null,"author":{"adTrack":null,"approvedNotReadyVideoCount":0,"description":"爱家、爱生活、爱一切美好事物","follow":{"followed":false,"itemId":1711,"itemType":"author"},"icon":"http:\/\/img.kaiyanapp.com\/57cd63e495aaf9d9f472204e1ab1a6be.png?imageMogr2\/quality\/60\/format\/jpg","id":1711,"ifPgc":true,"latestReleaseTime":1508685307000,"link":"","name":"柏杨拾影","shield":{"itemId":1711,"itemType":"author","shielded":false},"videoNum":2},"campaign":null,"category":"旅行","collected":false,"consumption":{"collectionCount":356,"replyCount":8,"shareCount":287},"coverBlurred":"http:\/\/img.kaiyanapp.com\/c57d310ffaf5931a76ab8ed3c1380595.png?imageMogr2\/quality\/60\/format\/jpg","coverForDetail":"http:\/\/img.kaiyanapp.com\/7b2170672853358f8500f13f2a821a52.png?imageMogr2\/quality\/60\/format\/jpg","coverForFeed":"http:\/\/img.kaiyanapp.com\/7b2170672853358f8500f13f2a821a52.png?imageMogr2\/quality\/60\/format\/jpg","coverForSharing":null,"dataType":"VideoBeanForClientV1","date":1508979600000,"description":"尼泊尔，一个幸福指数超高的神奇国度，一个神比人多的宗教圣地，一个色彩斑斓的风情世界。其英文名 NEPAL 被解释为 Never Ending Peace And Love（和平与爱永不熄灭），也许这正是对尼泊尔最好的诠释。","descriptionEditor":"尼泊尔，一个幸福指数超高的神奇国度，一个神比人多的宗教圣地，一个色彩斑斓的风情世界。其英文名 NEPAL 被解释为 Never Ending Peace And Love（和平与爱永不熄灭），也许这正是对尼泊尔最好的诠释。","descriptionPgc":"跟随作者的iPhone镜头，带你去到一个神比人多、色彩斑澜、贫穷却快乐的尼泊尔。NEPAL被译为Never Ending Peace And Love，也许这正是对尼泊尔最好的诠释。","duration":208,"favoriteAdTrack":null,"id":57653,"idx":0,"label":null,"labelList":[],"lastViewTime":null,"library":"DAILY","played":false,"playInfo":[{"height":480,"name":"标清","type":"normal","url":"http:\/\/baobab.kaiyanapp.com\/api\/v1\/playUrl?vid=57653&editionType=normal&source=qcloud&f=iphone&u=011f2924aa2cf27aa5dc8066c041fe08116a9a0c&vc=67","urlList":[{"name":"qcloud","size":39793816,"url":"http:\/\/baobab.kaiyanapp.com\/api\/v1\/playUrl?vid=57653&editionType=normal&source=qcloud&f=iphone&u=011f2924aa2cf27aa5dc8066c041fe08116a9a0c&vc=67"},{"name":"ucloud","size":39793816,"url":"http:\/\/baobab.kaiyanapp.com\/api\/v1\/playUrl?vid=57653&editionType=normal&source=ucloud&f=iphone&u=011f2924aa2cf27aa5dc8066c041fe08116a9a0c&vc=67"}],"width":854},{"height":720,"name":"高清","type":"high","url":"http:\/\/baobab.kaiyanapp.com\/api\/v1\/playUrl?vid=57653&editionType=high&source=qcloud&f=iphone&u=011f2924aa2cf27aa5dc8066c041fe08116a9a0c&vc=67","urlList":[{"name":"qcloud","size":73286973,"url":"http:\/\/baobab.kaiyanapp.com\/api\/v1\/playUrl?vid=57653&editionType=high&source=qcloud&f=iphone&u=011f2924aa2cf27aa5dc8066c041fe08116a9a0c&vc=67"},{"name":"ucloud","size":73286973,"url":"http:\/\/baobab.kaiyanapp.com\/api\/v1\/playUrl?vid=57653&editionType=high&source=ucloud&f=iphone&u=011f2924aa2cf27aa5dc8066c041fe08116a9a0c&vc=67"}],"width":1280}],"playlists":null,"playUrl":"http:\/\/baobab.kaiyanapp.com\/api\/v1\/playUrl?vid=57653&editionType=default&source=qcloud&f=iphone&u=011f2924aa2cf27aa5dc8066c041fe08116a9a0c&vc=67","promotion":null,"provider":{"alias":"PGC","icon":"","name":"PGC"},"rawWebUrl":"http:\/\/www.eyepetizer.net\/detail.html?vid=57653","releaseTime":1508685307000,"remark":"","shareAdTrack":null,"slogan":"一个幸福指数超高的神奇国度","subtitles":[],"tags":[{"actionUrl":"eyepetizer:\/\/tag\/10\/?title=%E6%97%85%E8%A1%8C","adTrack":null,"id":10,"name":"旅行"},{"actionUrl":"eyepetizer:\/\/tag\/378\/?title=%E4%BA%9A%E6%B4%B2","adTrack":null,"id":378,"name":"亚洲"},{"actionUrl":"eyepetizer:\/\/tag\/200\/?title=%E9%85%B7%E7%82%AB","adTrack":null,"id":200,"name":"酷炫"}],"thumbPlayUrl":null,"title":"斑斓之地，幸福之乡：尼泊尔","titlePgc":"众神之国，斑斓之地，幸福之乡：尼泊尔","type":"NORMAL","waterMarks":null,"webAdTrack":null,"webUrlForWeibo":"http:\/\/www.eyepetizer.net\/detail.html?vid=57653"}]}],"newestIssueType":null,"nextPageUrl":"http:\/\/baobab.kaiyanapp.com\/api\/v1\/feed?date=20171025&num=5","nextPublishTime":1509379200000}
